symbol,beta_pos,beta_neg,beta_diff,correlation,r_squared
AAPL,1.2322288781664148,1.1748235776550826,0.05740530051133219,0.580003481434031,0.3364040384755963
ABBV,0.9742613023742093,1.0791620264828417,-0.10490072410863238,0.49620227381474064,0.24621669653891864
ABT,1.0710123409422898,1.1237448463868003,-0.05273250544451047,0.6778926620334834,0.4595384612388427
ACGL,0.5910099957760773,0.6363845806426884,-0.04537458486661117,0.5230735497132133,0.2736059384095815
ACN,1.0271921550405383,1.0760808951327137,-0.048888740092175365,0.7011690260273337,0.49163800306011984
ADBE,1.4383305569143545,1.1915829129662683,0.24674764394808624,0.6431247112378075,0.4136093942047132
ADI,1.2234968222384297,1.173520510686023,0.04997631155240678,0.6427724853407473,0.41315646791112093
ADM,0.8637766414637942,0.9418078929882602,-0.078031251524466,0.5386128801638826,0.29010383467843315
ADP,1.0815418433484125,1.0286582279410244,0.052883615407388174,0.7082806271869602,0.5016614468483538
ADSK,1.235372384671209,1.5317718578266617,-0.2963994731554527,0.5973800431456049,0.3568629159486446
AEE,0.5053622098904884,0.3845161679826808,0.12084604190780762,0.3209480712931005,0.10300766446676113
AEP,0.3667973185535261,0.3387640572708768,0.028033261282649324,0.29624252504904286,0.08775963364743267
AES,0.8017782794506075,0.8798948672416486,-0.07811658779104103,0.4526682053617035,0.2049085041453853
AFL,0.8423280263524678,0.8855196784095473,-0.04319165205707942,0.6535480874088504,0.4271251025557662
AIG,0.9271140704266121,0.983542972295361,-0.05642890186874894,0.6263791788772669,0.39235087573095917
AIZ,0.8691046535117917,0.8910004258798869,-0.021895772368095257,0.5466658654108575,0.29884356840540194
AJG,0.7649971796445735,0.8896820995339811,-0.12468491988940766,0.665415977846542,0.44277842357346975
AKAM,1.244377661825682,1.2406099613435093,0.0037677004821727866,0.4867020437531589,0.23687887939350183
ALB,0.9693933176838331,1.232129839221058,-0.26273652153722493,0.5221030890558102,0.27259163560161903
ALGN,1.139167714005223,1.4410391956666222,-0.3018714816613992,0.4766132593430162,0.22716019898157314
ALL,0.77479430233179,0.7952898343373626,-0.020495532005572525,0.6066357538982795,0.3680069379077342
AMAT,1.2848298189073708,1.3747866234989659,-0.08995680459159505,0.6012025478910824,0.3614445035907291
AMCR,-0.11804312063590132,0.1761157576172917,-0.29415887825319303,0.023914530916423458,0.0005719047889526374
AMD,1.3613508622739703,1.949361502845863,-0.5880106405718928,0.3700140018637026,0.1369103615751922
AME,1.0416794054966907,1.0795313121322718,-0.037851906635581134,0.7361694993269401,0.5419455317392774
AMGN,1.2797247807785825,1.11259344749073,0.16713133328785257,0.5946353643019237,0.35359121647848146
AMP,1.3469500678560067,1.569557563396915,-0.2226074955409083,0.7549528616354212,0.5699538232915113
AMT,0.5701709172333309,0.7031160839105125,-0.1329451666771816,0.4384276660490952,0.19221881835725685
AMZN,1.2776250469045716,1.2680215276726525,0.009603519231919044,0.5780345817059307,0.33412397764795043
ANSS,1.058616853638342,1.1088770177766782,-0.05026016413833623,0.6652840138212269,0.44260281904608245
AON,0.8400642105091178,0.8939635889874948,-0.053899378478377,0.6453788314538793,0.41651383608877435
AOS,1.0737866665715154,1.0632162342279992,0.01057043234351629,0.631995201797594,0.39941793509518175
APA,1.380605554316555,1.2991874037822724,0.08141815053428259,0.45244490614244104,0.20470639309424243
APD,0.92296265657655,0.9489051282617434,-0.02594247168519348,0.649782086194951,0.4222167595398627
APH,1.0634206762576595,1.0564265496228449,0.006994126634814579,0.7143440062024649,0.5102873591973871
APO,1.0470067658653617,1.1850510841097204,-0.1380443182443587,0.5312684891123233,0.2822462075236907
APTV,1.2535870379268752,1.334380360279289,-0.08079332235241377,0.6144982524090841,0.37760810221381835
ARE,0.6155493137603709,0.6655939836614252,-0.05004466990105427,0.4698420275945085,0.22075153089411892
ATO,0.5156527020709654,0.38570972591969227,0.1299429761512731,0.3709535557552828,0.13760654052748766
AVB,0.5506044227041874,0.5569728090363079,-0.006368386332120446,0.4059274319456688,0.16477708000600544
AVGO,1.3730673631318087,1.3872072472163324,-0.014139884084523713,0.5480096581406185,0.30031458541539724
AVY,0.8929960712741434,1.0181634038257341,-0.12516733255159074,0.6252794257054245,0.3909743602105058
AWK,0.4143420137873717,0.3570278226453129,0.05731419114205877,0.31054704994509963,0.09643947022960409
AXON,1.104636514966241,1.0456851630482185,0.05895135191802248,0.3336034118175626,0.11129123637631833
AXP,0.9051871930895626,1.116442443403429,-0.21125525031386638,0.649409328060547,0.42173247537205116
AZO,0.5934275302058094,0.6342644810195857,-0.04083695081377625,0.3818283372708068,0.1457928791429891
BA,1.0530642398714185,1.2019042483566682,-0.1488400084852497,0.5907447991002046,0.34897941766394114
BAC,1.256833194070352,1.3812523197082431,-0.12441912563789104,0.6784152640999945,0.4602472705638654
BALL,0.7692919514247565,0.7717184573081982,-0.002426505883441732,0.5254995907203861,0.27614981984729325
BAX,0.8595072682738729,0.855527038711575,0.003980229562297932,0.572222248534535,0.327438301717919
BBY,1.0125119556573248,1.0390672251459516,-0.026555269488626854,0.3757024938483444,0.1411523638838652
BDX,0.8419189851496292,0.9346246272470163,-0.09270564209738719,0.6213247874775267,0.3860444915339938
BEN,1.1774686177800586,1.2372205098707494,-0.05975189209069076,0.6962244289914862,0.48472845552452104
BF-B,0.8187165551043831,0.756318673150523,0.06239788195386009,0.5214092247248406,0.2718675796281592
BG,0.5456347220920058,0.5639564654867065,-0.018321743394700718,0.335282454997205,0.11241432462895296
BIIB,1.2714192129825514,1.188738244010727,0.08268096897182442,0.41673931442019446,0.17367165618341363
BK,1.0060228760565912,1.1725280622593481,-0.1665051862027569,0.6762690880243803,0.457339879417327
BKNG,1.0529155558674967,1.153742863276711,-0.1008273074092143,0.5728271202215999,0.32813090966137126
BKR,1.1783922329866265,1.0968396326933918,0.08155260029323474,0.42240229371598914,0.17842369773652889
BLDR,1.3370954119778915,1.5119569036350171,-0.1748614916571256,0.3828044907427627,0.14653927813282563
BLK,1.3320547921208827,1.3407114999920968,-0.008656707871214087,0.7924539645793812,0.6279832859775791
BMY,0.93067184802447,0.9634855190291097,-0.03281367100463972,0.44961098619681394,0.20215003890887184
BR,0.9299276766186334,0.8857050673806247,0.04422260923800869,0.6155611782304533,0.3789155641444639
BRK-B,1.0259831712624272,0.9728970006142753,0.05308617064815191,0.7982477741759698,0.6371995089768897
BRO,0.7255023408632965,0.793875173516331,-0.06837283265303451,0.608113654415288,0.3698022166863164
BSX,1.0256664876039754,1.0637003587755922,-0.03803387117161683,0.5466150004680844,0.2987879587367237
BX,1.2930495596090288,1.2098891587466563,0.08316040086237253,0.6041396715072082,0.3649847426888375
BXP,0.7711717645327024,0.7391968949103699,0.031974869622332536,0.5221030523741282,0.27259159729838167
C,1.298765513581086,1.3742407040139295,-0.07547519043284345,0.7362662330605008,0.5420879659450997
CAG,0.6425750731408257,0.7561229046809471,-0.11354783154012138,0.35382801406535835,0.12519426353743546
CAH,1.035417704860162,0.8369957596083824,0.1984219452517797,0.4802861276828907,0.2306747644446261
CAT,1.232848793715117,1.1744844371332355,0.05836435658188144,0.6476993779066452,0.41951448414065506
CB,0.7779715704536121,0.7950805424011324,-0.017108971947520257,0.6419353235930285,0.4120809596764863
CBOE,0.4729232453129621,0.47115372797811766,0.0017695173348444282,0.3312963753312542,0.10975728830762699
CBRE,1.0743259042632425,1.3193781109751073,-0.24505220671186478,0.6570220279995169,0.43167794527659775
CCI,0.5476205498818706,0.5298541828703509,0.01776636701151968,0.3925645850186552,0.1541069534108691
CCL,0.834524713578198,1.1813547037886145,-0.3468299902104165,0.5436935758885544,0.2956027044624834
CDNS,1.025942194261795,1.1214160165831095,-0.09547382232131452,0.5755575407262827,0.3312664826868865
CF,1.0213492528089207,1.251816933363048,-0.23046768055412725,0.41055558458560154,0.168555888034425
CHD,0.5382318566196393,0.5218464826383907,0.01638537398124862,0.3901722751021204,0.15223440425836476
CHRW,0.8029249085161467,0.6916405180397235,0.11128439047642324,0.45340646661619083,0.20557742396937906
CHTR,0.9114408902327303,0.924822688922861,-0.013381798690130675,0.431631446907237,0.18630570595923468
CI,0.7935874745451872,0.8652545864837453,-0.07166711193855813,0.44073520958623047,0.19424752496901854
CINF,0.8376861184015653,0.7947798373425458,0.0429062810590195,0.6312092320629342,0.39842509464147924
CL,0.5953237699907324,0.6455083933149521,-0.05018462332421969,0.5035830559628577,0.25359589425289064
CLX,0.4908372418852901,0.5127942674607553,-0.021957025575465194,0.365527843838543,0.1336106046212543
CMCSA,0.8935170980721955,0.9299267020683045,-0.03640960399610904,0.5720126326783206,0.32719845194358343
CME,0.7815259175314822,0.6714016296177925,0.11012428791368967,0.4803683814773036,0.23075378192312435
CMG,0.6346175474780829,0.6929405008380684,-0.0583229533599855,0.2892989563679899,0.08369388615560802
CMI,1.095400205905114,1.0774143354680314,0.01798587043708255,0.6210987110836472,0.38576360890976813
CMS,0.45210323807915304,0.2850028711155883,0.16710036696356473,0.2994417952783121,0.08966538875949859
CNC,1.0887697769811733,0.9833698805231688,0.10539989645800452,0.43763906593498586,0.19152795203244666
CNP,0.6434266265489871,0.5531206051059829,0.09030602144300415,0.4263512854331549,0.1817754185905035
COF,1.1668445436463304,1.1880756648255002,-0.02123112117916981,0.657145904698327,0.43184074006178286
COO,0.6705255268189905,0.8099854649259176,-0.13945993810692714,0.4799769395349971,0.23037786248538217
COP,1.2613719452770706,1.0926941200239142,0.16867782525315644,0.5310122149684947,0.28197397244574673
COR,0.7477474800338816,0.7737463134198952,-0.02599883338601361,0.4254225079997526,0.1809843103127997
COST,0.7172417538746222,0.7706161228742738,-0.053374368999651645,0.5332277328695704,0.28433181510122185
CPAY,1.0799062406699658,1.1819261119053222,-0.10201987123535639,0.5556806980111766,0.3087810381421885
CPB,0.6656484084631646,0.4719839870550326,0.19366442140813206,0.3012173299161502,0.09073187984181486
CPRT,0.7799755149752409,0.9808754468839366,-0.2008999319086957,0.5344086276671192,0.2855925813250536
CPT,0.4942108882136528,0.5944320611477716,-0.10022117293411881,0.3902849955820577,0.15232237777648683
CRL,0.9988657510963297,1.2569180500012083,-0.2580522989048786,0.5677274729588101,0.3223144835521964
CRM,1.4517074865238917,1.3459989719067422,0.10570851461714947,0.5820517874833852,0.33878428331260346
CSCO,1.216171564169962,1.191662035154786,0.024509529015176,0.6399836419025675,0.4095790619028735
CSGP,1.1251869187718988,1.098701749074924,0.026485169696974786,0.5280971912425264,0.27888664339824554
CSX,1.1156160645473943,1.157436034634452,-0.041819970087057845,0.5837115712990286,0.34071919846838106
CTAS,0.9777658061085701,1.0227213209424932,-0.04495551483392313,0.6277611540640722,0.3940840665518558
CTRA,0.9721249250288482,0.8888244886045946,0.08330043642425355,0.3694988045184014,0.13652936654052783
CTSH,1.1572951397264513,1.0850503771935527,0.07224476253289858,0.564637275653832,0.3188152530577816
CVS,0.7960202132088131,0.7779272242845252,0.0180929889242879,0.49219899935427047,0.2422598549653452
CVX,1.0496689550074088,0.9543660205214104,0.09530293448599836,0.6089284264588651,0.37079382854966936
D,0.45291000109879753,0.28759795566700186,0.16531204543179567,0.31584613801423717,0.0997587828985087
DAL,1.0498507041688705,1.2794715600268813,-0.22962085585801084,0.5261005023406117,0.276781738563044
DD,1.2648768731276858,1.161480120354643,0.10339675277304283,0.6030974247790023,0.3637265037750643
DE,0.9202419669229096,1.087618558725133,-0.16737659180222342,0.554988850199475,0.30801262384573536
DECK,0.9477076053932642,1.0270809578227267,-0.07937335242946253,0.3550303641648547,0.12604655947902943
DG,0.6819581464766297,0.5708673052762898,0.11109084120033985,0.37567761066623145,0.1411336671558886
DGX,0.7343379216279364,0.7753620516231865,-0.04102412999525007,0.49702100430822815,0.24702987872355975
DHI,1.056407418307017,1.0866555708810852,-0.03024815257406832,0.4830354209929319,0.23332321793381894
DHR,0.9853797988867287,0.946442112151036,0.038937686735692645,0.6973184382131227,0.4862530042719886
DIS,0.9298431689769937,1.0048945619240164,-0.07505139294702268,0.6058873323814459,0.36709945954030465
DLR,0.591581261615849,0.5360001033135487,0.05558115830230026,0.33794573956793805,0.11420732289212077
DLTR,0.7650740250712349,0.723968386953463,0.0411056381177719,0.38277775341353965,0.14651880850831656
DOC,0.5568016642489779,0.43226473966745876,0.12453692458151916,0.28372245669814944,0.08049843243483334
DOV,1.1085288521878738,1.0856189408181172,0.02290991136975662,0.6425658326488617,0.4128908492877248
DPZ,0.795023755881787,0.8494958534664426,-0.054472097584655654,0.4194937856458157,0.1759750361954575
DRI,0.6444187866105753,0.7259678091408028,-0.08154902253022756,0.4157724729689234,0.17286674927869417
DTE,0.4303987791661293,0.30473485690381935,0.12566392226230994,0.3164332135814244,0.10012997865746742
DUK,0.41063571658717957,0.23348601801172375,0.17714969857545582,0.27286156967714637,0.0744534362066761
DVA,0.7364794215827215,0.7700229154764242,-0.0335434938937027,0.4249412502405432,0.18057506615599583
DVN,1.4150074456031876,1.4353545082812715,-0.02034706267808395,0.4948238614375587,0.244850653847976
DXCM,1.0318593997049517,1.1373129639091935,-0.10545356420424179,0.32392071913660325,0.10492463228597426
EA,1.0848437844983958,0.9537509539841107,0.1310928305142851,0.42864668873424244,0.18373798376283057
EBAY,0.9570147608174494,1.0445485222218436,-0.08753376140439417,0.5055757794113478,0.2556068687273919
ECL,0.9148490002691134,0.9287073203035696,-0.013858320034456195,0.6819772002563926,0.46509290166954786
ED,0.3327440341969047,0.2201299515584986,0.11261408263840608,0.22429094244488362,0.05030642686281417
EFX,0.8220799064764313,0.8763929466404335,-0.05431304016400229,0.5408682205967575,0.29253843205150276
EG,0.6631244187381675,0.6435242711249733,0.019600147613194174,0.44599387545758234,0.1989105369456734
EIX,0.4355704308179408,0.3832535893257894,0.05231684149215138,0.2510052423024664,0.06300363166331979
EL,0.9165446704115577,0.8772611334660632,0.03928353694549458,0.5377035244125109,0.28912508016563576
ELV,0.9220469452145424,0.8007658485709563,0.1212810966435861,0.4857465261921234,0.2359496877077153
EMN,1.280412391814801,1.066080904921599,0.21433148689320203,0.6486445797956031,0.42073979089821434
EMR,1.1159562736001243,1.0760429604620831,0.03991331313804114,0.7066684784166883,0.4993803383877573
ENPH,1.5129982717310397,1.0891644265799034,0.4238338451511363,0.25750091625063043,0.06630672186991415
EOG,1.265161555323972,1.1203993895612063,0.14476216576276557,0.5243586293179836,0.2749519721402345
EPAM,1.2123938232502665,1.2294277738585524,-0.01703395060828594,0.5045239630702197,0.25454442931208043
EQIX,0.5833493151689437,0.8002753094386812,-0.21692599426973747,0.4499281995606234,0.2024353847598641
EQR,0.5295949296998578,0.5410678100649269,-0.011472880365069105,0.39456883681680566,0.15568456698696698
EQT,1.1103426281657733,0.8069417538093053,0.303400874356468,0.39339145211302057,0.15475683459559098
ERIE,0.708799546763823,0.6682120958585482,0.04058745090527471,0.4144563529084432,0.17177406846616794
ES,0.4135988230457017,0.3180296723742627,0.09556915067143901,0.30737324757883605,0.0944783133271605
ESS,0.6236834049810894,0.5433890537915366,0.08029435118955286,0.4069873187341057,0.16563867761037665
ETN,1.1602021319603217,1.1851620671524628,-0.024959935192141014,0.7018195245278964,0.4925506450085624
ETR,0.4216729205347056,0.32866129643333647,0.09301162410136915,0.2861940221609784,0.08190701832067837
EVRG,0.4215214185182281,0.3695787201473508,0.05194269837087728,0.29776845369699984,0.08866605201710231
EW,1.1334956764289652,0.9754976597324311,0.15799801669653413,0.4450944582810978,0.19810907679254364
EXC,0.5192875752694337,0.3833114616137887,0.135976113655645,0.316080276736498,0.0999067413418212
EXPD,0.8087606823412729,0.9556267546281474,-0.14686607228687454,0.5758355216741889,0.3315865480217851
EXPE,1.0995679109557026,1.1473601997463725,-0.04779228879066988,0.4105801713244298,0.16857607708479816
EXR,0.6172254898700544,0.4569175704425631,0.16030791942749134,0.3364397594943671,0.1131917117686273
F,0.976864916080011,1.0338342173089528,-0.05696930122894173,0.5668792855541797,0.32135212439041727
FANG,1.3379810091385096,1.331736793448416,0.006244215690093702,0.44942093658650495,0.2019791782422915
FAST,1.0708355900052113,1.0781586955392468,-0.007323105534035479,0.5582897607396285,0.3116874569467115
FCX,1.7310684022383171,1.5797761556885312,0.1512922465497859,0.46006767185160746,0.21166226268295818
FDS,0.8629240557781392,0.9804174029357579,-0.11749334715761861,0.5964879564380217,0.35579788217560715
FDX,1.1727870631846165,1.1936269655377196,-0.02083990235310318,0.6304900078538718,0.3975176500035754
FE,0.5308139734045885,0.39207852727751374,0.13873544612707472,0.28963792001612315,0.08389012471126611
FFIV,0.9268315753881067,1.0510170253353395,-0.1241854499472328,0.5064425238198702,0.25648402993303976
FI,1.015083746816396,0.9312825496849838,0.08380119713141221,0.6884146955826083,0.47391479309409534
FICO,1.1950119252188707,1.1334749073510175,0.06153701786785315,0.5986720653805555,0.35840824186702014
FIS,0.9931563492615132,0.9912208121775125,0.001935537084000738,0.6492526465364956,0.4215289990346438
FITB,1.1639563914601838,1.243428699876166,-0.0794723084159823,0.6222287391543061,0.38716860382955776
FRT,0.6735481382907641,0.5446745743730654,0.12887356391769866,0.45362078025064334,0.20577181227520247
FSLR,1.132582684477387,1.351554496966359,-0.21897181248897213,0.3920752633449219,0.1537230121269898
FTNT,1.0365342193624425,1.2768404147214634,-0.24030619535902087,0.46444583835788306,0.2157099367679569
GD,0.8900354666412958,0.9848290682804574,-0.0947936016391615,0.6370480538370993,0.4058302228976356
GE,0.8731174563463576,1.0829647573794865,-0.20984730103312887,0.48331367823744237,0.23359211157140602
GEN,1.1092383490970976,0.8666083733645069,0.2426299757325907,0.4056693195072044,0.16456759678943822
GILD,1.1693006982302507,1.1091198513429474,0.060180846887303296,0.5193776714274303,0.2697531655773796
GIS,0.6218548830200601,0.5108631357293767,0.1109917472906834,0.3943069001626524,0.15547793151587996
GL,0.8898334438945227,1.0118082305284883,-0.12197478663396566,0.739010574918097,0.5461366298407763
GLW,1.228303312451998,1.1756862723978359,0.05261704005416212,0.6276755289622968,0.39397656965809924
GM,1.0369398778353556,1.0858552841637799,-0.04891540632842428,0.5555678247349816,0.3086556078807591
GNRC,1.243660866588257,1.040207729766241,0.20345313682201582,0.4634143758837022,0.21475288377568114
GOOG,1.2340171132990294,1.1432111166275247,0.09080599667150469,0.6451845531719286,0.4162631076516611
GOOGL,1.2110793628568803,1.1491998091333553,0.06187955372352505,0.6461781625828956,0.41754621779900714
GPC,0.902071968038104,0.8260442909801982,0.07602767705790581,0.6031110989381729,0.3637429976624109
GPN,1.1150896838754054,1.16732464027062,-0.05223495639521469,0.6074665853672879,0.36901565233779254
GRMN,0.863233003433563,0.9405900990441683,-0.07735709561060533,0.4766032322959117,0.2271506410349109
GS,1.0789328798442994,1.3233557055401552,-0.24442282569585583,0.727500708040509,0.5292572801994418
GWW,0.8912885359008795,0.8537524435729286,0.037536092327950965,0.46789646077045927,0.21892709800152177
HAL,1.214645051709764,1.1499643859646345,0.06468066574512954,0.5256761812428439,0.2763354475260592
HAS,0.7583993483954728,0.8640729045375468,-0.10567355614207397,0.4241751005056041,0.17992451588893932
HBAN,1.059705162011144,1.2569133882521586,-0.19720822624101464,0.6313293866866234,0.3985767944941079
HCA,0.7873891140041467,1.0149035540589042,-0.22751444005475752,0.44009553734909485,0.19368408199458853
HD,0.8945114899438471,0.9723195560259456,-0.07780806608209845,0.6433458344946883,0.41389386276166684
HES,1.4685307632567384,1.433489611271973,0.03504115198476532,0.5346570066247405,0.28585811473292755
HIG,0.976103331126946,0.9915304266857969,-0.015427095558850912,0.6507880542335365,0.4235250915330725
HII,0.9908681231616617,1.0076401799460333,-0.016772056784371547,0.538246674767842,0.28970948289863907
HOLX,0.753119764609224,0.9776941021188671,-0.22457433750964306,0.49524453630762183,0.24526715074255145
HON,1.0665584878338075,1.0144775509087454,0.052080936925062105,0.7746062244212505,0.6000148029121444
HPQ,1.0889406737030518,1.285892190723235,-0.1969515170201832,0.5162045403368716,0.26646712746440093
HRL,0.6660707094112335,0.5837291233794328,0.08234158603180064,0.4106510706341671,0.16863430181298766
HSIC,0.8681402126320457,0.8396997229542615,0.02844048967778412,0.5255059546173917,0.27615650833833605
HST,1.0208693518914513,1.0861115082225372,-0.06524215633108588,0.5958621901706768,0.35505174967499564
HSY,0.6199400476919585,0.43963097299126014,0.1803090747006984,0.35324095678255013,0.12477917354865142
HUBB,0.9273339790190605,1.03074389467883,-0.10340991565976965,0.6373516425224158,0.4062171162260212
HUM,0.8515948011356399,0.6529193532026955,0.19867544793294445,0.36678563352476057,0.1345317009601602
IBM,0.8928504400034402,0.9447669666350977,-0.05191652663165758,0.5953582033999868,0.3544513903556601
ICE,0.8776081985455196,0.8439427930325066,0.033665405513013,0.5405537138773685,0.2921983175866161
IDXX,1.1241929798559438,1.0595821299890742,0.0646108498668696,0.4977085395925791,0.24771379038337793
IEX,0.9984420746186307,0.9967007814410184,0.0017412931776122909,0.7205235086050911,0.5191541264525906
IFF,0.8649505861195441,0.9603766994748533,-0.09542611335530915,0.5332605466042325,0.28436681056464475
INCY,1.4215122215580969,1.571090674665098,-0.14957845310700124,0.4102275660032565,0.16828665590895608
INTC,1.2265807875441674,1.0889385637900502,0.13764222375411728,0.6106955537280422,0.3729490593432
INTU,1.1420379404272623,1.181167511012627,-0.039129570585364704,0.6508393683718862,0.4235918834227159
IP,1.1570253236289119,1.0637005297228934,0.09332479390601844,0.6130094028976528,0.37578052804093676
IPG,0.940514645293012,1.0446734384177914,-0.10415879312477938,0.5536517708882928,0.3065302834077427
IRM,0.8268293679759767,0.6666019829538297,0.16022738502214706,0.38597061191419224,0.14897331326141594
ISRG,0.9539492546630918,1.0642940031974912,-0.11034474853439946,0.4611293541435732,0.2126402812528687
IT,0.8710079778511888,0.9797154656813372,-0.10870748783014839,0.5498312677627976,0.3023144230096453
ITW,1.0267023225584737,1.0991569737409561,-0.0724546511824824,0.7298795332614408,0.5327241330739385
IVZ,1.2953769229450325,1.4262479008512718,-0.13087097790623936,0.7075446198811822,0.5006193891228065
J,1.0575254280668003,1.1236998375115939,-0.06617440944479358,0.6147794128761827,0.37795372649638415
JBHT,0.9124261664668432,0.8622654081794439,0.0501607582873993,0.5482801580113503,0.30061113166895126
JBL,1.0546054371522944,1.2203323495124458,-0.16572691236015147,0.5162774686713948,0.26654242465774347
JCI,0.9516574828233337,0.894529509089604,0.05712797373372969,0.5674100477884988,0.3219541623313463
JKHY,0.7953098195734571,0.8533837244181719,-0.05807390484471475,0.6595346902843321,0.43498600768844997
JNJ,0.7923614244687831,0.7351010480722926,0.05726037639649051,0.5827496936643107,0.3395972054658484
JNPR,1.012025239696662,0.9727324654093907,0.03929277428727129,0.46197262760637176,0.21341870865753565
JPM,1.1987838537501403,1.181781684041264,0.017002169708876247,0.7418478113210166,0.5503381751617828
K,0.5737814888219764,0.5272988544500788,0.04648263437189759,0.37069960849506084,0.13741819973839142
KDP,0.6469745097271219,0.4279537981635776,0.2190207115635443,0.17344753964195284,0.03008404900784678
KEY,1.214578801258766,1.3487191190697274,-0.13414031781096147,0.6434052665098101,0.4139703369725597
KIM,0.7367862318446838,0.6926633901145722,0.044122841730111606,0.44099715288177943,0.19447848884983543
KKR,1.166949107354853,1.3450269706388516,-0.17807786328399855,0.5958776518267974,0.35507017594661816
KLAC,1.2285216020099867,1.1616161726008827,0.06690542940910404,0.5614886587376279,0.31526951389098046
KMB,0.6406184600656774,0.58254922612019,0.05806923394548735,0.4291533608558228,0.18417260713384798
KMI,1.117066515104486,0.9757752596878001,0.14129125541668597,0.4840128884739084,0.23426847620885627
KMX,0.977995175221196,1.0788740053355694,-0.10087883011437349,0.5077988561966668,0.2578596783546432
KO,0.5676740572230156,0.5486627967332097,0.019011260489805837,0.4726989501965445,0.2234442975169152
KR,0.7134478334576212,0.6728945424969867,0.040553290960634536,0.3361241811411515,0.11297946514780954
L,0.9217721442853656,0.9002807834933965,0.021491360791969116,0.7204032896311381,0.5189808997113651
LDOS,0.8124843013077342,1.0820225789915772,-0.269538277683843,0.4540977673794867,0.2062047823390344
LEN,1.0010995425608564,1.0725200971566604,-0.07142055459580399,0.492762996323942,0.2428153705461492
LH,0.7578455118666072,0.8009498211703989,-0.04310430930379172,0.5087988858564665,0.25887630624878166
LHX,0.6835178888369731,0.9073110262824949,-0.22379313744552187,0.5035522441763225,0.2535648626150109
LII,0.8669119650925421,0.9881962261168015,-0.12128426102425938,0.5702567970551863,0.32519281458764004
LIN,0.8416785561403225,0.8100765836450889,0.031601972495233555,0.6353375912850657,0.40365385489990946
LKQ,0.9698020733320895,0.9866892887263116,-0.01688721539422211,0.5072592071050006,0.2573119031927936
LLY,0.9254360952477041,0.8496492719561688,0.0757868232915353,0.48108037404368154,0.2314383262900085
LMT,0.7071986591561358,0.7867053289932651,-0.07950666983712928,0.5545785664683562,0.3075573863860972
LNT,0.4584668025752128,0.3443852027966803,0.1140815997785325,0.3342033596347283,0.11169188559113974
LOW,1.0124566695464756,1.0620901182204243,-0.0496334486739487,0.566736653747442,0.32119043470084796
LRCX,1.2961152956124633,1.4007166250193996,-0.10460132940693634,0.6080510554977607,0.3697260860919408
LULU,0.8413229089516154,0.9109114941584935,-0.06958858520687805,0.34311182788651384,0.11772572643562462
LUV,0.8820917060982524,1.1219011527931348,-0.23980944669488247,0.4986122451773224,0.24861417104077044
LVS,1.347547325102319,1.206928281570758,0.14061904353156085,0.555907462715992,0.309033107103332
LYB,1.2653919962370295,1.1799253371777074,0.08546665905932205,0.5843728985936092,0.341491684610697
LYV,1.0692493576313438,1.115354548324283,-0.04610519069293928,0.5069718141059062,0.25702042029783334
MA,1.2623668898524938,1.18903230608073,0.07333458377176383,0.7412656035566444,0.5494746950161962
MAA,0.5480662447869128,0.5921052503962116,-0.044039005609298854,0.37945541189572546,0.14398640961695464
MAR,1.0258978407185273,1.199216648088183,-0.17331880736965566,0.6546754627901938,0.4285999615795544
MAS,1.1298193800590746,1.2468937223984304,-0.11707434233935587,0.5859537370297161,0.3433417819390897
MCD,0.643731458979531,0.6197717779794344,0.0239596810000966,0.47232485199950613,0.22309076581635512
MCHP,1.3003694624199198,1.186804492577044,0.11356496984287578,0.6287455253400269,0.3953209356351066
MCK,0.7947370566303874,0.7516086744079142,0.04312838222247317,0.43565940564599176,0.18979911772781866
MCO,1.1456417933302916,1.3077806605730884,-0.1621388672427968,0.692382933900382,0.47939412715650087
MDLZ,0.836692208102551,0.8274041721649468,0.009288035937604189,0.5461561267120484,0.2982865147451069
MDT,0.8272092796672165,0.8143647147570982,0.012844564910118317,0.5982694772506397,0.3579263674097537
MET,1.2577194306143773,1.2586477280003414,-0.0009282973859641164,0.6821192641855682,0.46528669057306093
META,1.076719028096723,1.2454005657414362,-0.16868153764471328,0.47763994134113863,0.22813991356436647
MGM,1.3620053635539184,1.4974690973825826,-0.13546373382866417,0.5913536808746046,0.3496991758839437
MHK,1.0328190584129917,1.1928174478147384,-0.1599983894017467,0.5344586427446091,0.2856460408044096
MKC,0.627363654479533,0.5712236348883546,0.056140019591178425,0.4356579857567241,0.18979788055360614
MKTX,0.7504211970561185,0.49838690881881303,0.2520342882373055,0.37440597233543416,0.14017983212044194
MLM,1.0431084355683105,0.8861274889831723,0.15698094658513817,0.4962128270399033,0.24622716971893321
MMC,0.8806655256629063,0.8990862255926987,-0.01842069992979234,0.722865187029361,0.5225340786189927
MMM,0.9874944607208068,1.015238496202308,-0.027744035481501172,0.6840819659135708,0.467968136088176
MNST,0.8124783735535824,1.0907978786662393,-0.2783195051126569,0.3627194111464004,0.13156537122239176
MO,0.607657963425394,0.6099171699894684,-0.002259206564074412,0.41089619367952535,0.16883568198032184
MOH,0.8322923597373105,0.8554370373483214,-0.02314467761101091,0.373628522030172,0.13959827247445067
MOS,1.082050686494674,1.168262412482149,-0.08621172598747506,0.45660102818350595,0.20848449893823495
MPC,1.4607547757423849,1.2858260734345572,0.17492870230782764,0.5308419220701432,0.28179314622712415
MPWR,1.3368990943381835,1.4137486285382526,-0.07684953420006901,0.6144184213306663,0.3775099964704681
MRK,0.8901661847770431,0.77475553229334,0.11541065248370308,0.5232665142954627,0.27380784498292365
MS,1.427115379922238,1.4617172596374226,-0.03460187971518458,0.7290722287628905,0.5315463147532884
MSCI,0.9811544921704176,1.115104933894183,-0.13395044172376536,0.6581025701794321,0.4330989928767742
MSFT,1.363161218368834,1.1782220513565862,0.18493916701224777,0.6821701679604288,0.4653561380551593
MSI,0.9286769993847765,0.8223757286417955,0.10630127074298101,0.5180663851499824,0.2683927794223696
MTB,0.9948596115431155,1.0789568756485415,-0.08409726410542595,0.6278664765383193,0.3942163123606436
MTCH,0.8681604666037805,1.2923522029402963,-0.42419173633651575,0.3565968286866243,0.1271612982293575
MTD,0.9948465934237049,1.268036880226619,-0.27319028680291424,0.685669335490541,0.4701424376320399
MU,1.6446018787324412,1.6727276417818444,-0.028125763049403174,0.5288071418767266,0.2796369932998326
NCLH,0.8857042754220315,1.2556479692466234,-0.3699436938245919,0.4774874468821926,0.22799426193007477
NDAQ,0.9557548207257585,0.8441124472152629,0.11164237351049555,0.5650341881287745,0.3192636337543433
NDSN,1.051717040122629,1.1263191353363304,-0.07460209521370142,0.6037826621770487,0.36455350314560386
NEE,0.4303806644026716,0.3520871866786753,0.07829347772399631,0.3234481587335523,0.10461871138812517
NEM,0.28730357740908125,0.20153226418343295,0.0857713132256483,0.10674639000259756,0.01139479177858671
NFLX,1.2200641715514844,1.4501448975670845,-0.23008072601560015,0.40917297239180067,0.16742252133594127
NI,0.5762787060962952,0.4711048554957745,0.10517385060052065,0.355720898148615,0.12653735737965732
NKE,1.050885640003856,0.9634466802813136,0.08743895972254234,0.5563306182903892,0.30950375684736653
NOC,0.797867495872,0.8690200746832369,-0.07115257881123693,0.5425649364182974,0.2943767102305911
NOW,1.5618727721549577,1.434338835233906,0.12753393692105175,0.5146120029324803,0.264825513562179
NRG,1.020188767612025,0.789984025748112,0.23020474186391293,0.3523354811221247,0.12414029125755921
NSC,1.0511001511237708,1.0614184112035123,-0.01031826007974157,0.6064565268204447,0.36778951892311695
NTAP,1.0987841944996075,1.2112843587004454,-0.11250016420083786,0.5243752049200372,0.27496935553493085
NTRS,1.192369086574499,1.2901794595902916,-0.09781037301579265,0.704433736047861,0.49622688848234797
NUE,1.1073862184704015,1.1194947403468187,-0.0121085218764172,0.61130284044756,0.37369116273925496
NVR,0.6674232009524819,0.7002130175351329,-0.03278981658265101,0.3721211326157351,0.13847413733921743
NXPI,1.1843534441655483,1.4433458988201335,-0.2589924546545852,0.5036979136898874,0.2537115882555453
O,0.5149353546526249,0.3651998122343377,0.14973554241828718,0.30876371912763584,0.09533503424952938
ODFL,0.9323711223793273,1.2173405786953018,-0.2849694563159745,0.5941829021508837,0.35305332120844635
OKE,1.179597220044048,1.077998127509829,0.10159909253421917,0.4640301187055943,0.21532395106592805
OMC,0.8452010177707722,0.8369327084279439,0.008268309342828295,0.5610108036248674,0.3147331217838195
ON,1.3958299694451033,1.5933249200807862,-0.1974949506356829,0.5769893841389948,0.33291674940909655
ORCL,1.1800900812495683,1.011170224006467,0.1689198572431012,0.6337334631137336,0.40161810227012584
ORLY,0.8215036823002968,0.7689998858289234,0.052503796471373376,0.43168618185225277,0.18635295960217635
OXY,1.0104832007028361,0.9332421390282121,0.07724106167462408,0.5162245535283078,0.2664877896655007
PANW,1.0083045568587443,1.1412945174006899,-0.13298996054194556,0.39796771278328713,0.15837830041796075
PARA,1.050336073225507,1.122487555995366,-0.07215148276985905,0.5461198258393999,0.29824686417485646
PAYX,0.92906451902419,0.900683571397562,0.028380947626627906,0.6828546721556674,0.4662905032848238
PCAR,1.150364760731572,1.11433492882202,0.036029831909552,0.6732114437674918,0.45321364801951014
PCG,0.2797207492241932,0.7612579923061601,-0.4815372430819669,0.11799408557374219,0.013922604230383717
PEG,0.4837597055139836,0.39809152490847366,0.08566818060550996,0.33600163115057524,0.11289709613584731
PEP,0.5813092140082925,0.5753604710285979,0.00594874297969461,0.5112439999534152,0.2613704274883678
PFE,0.89174574361884,0.7662498519694452,0.1254958916493948,0.5828835568528092,0.3397532408493821
PFG,1.1736348120336317,1.4364219573200536,-0.2627871452864219,0.7368496926655328,0.5429474695812899
PG,0.6125570769072518,0.590316644948723,0.02224043195852876,0.47259330047716913,0.2233444276559039
PGR,0.8699375508305507,0.8007053018592948,0.0692322489712559,0.5931475905570729,0.3518240641836612
PH,1.236980131780505,1.1787709781824915,0.058209153598013375,0.7046616992903898,0.49654811044682
PHM,1.021408066216935,1.0646916710182763,-0.04328360480134141,0.48250050746915907,0.2328067397079958
PKG,1.0409633811532617,1.066850388237958,-0.02588700708469638,0.5733777541249658,0.32876204892538974
PLD,0.7810403573422385,0.8433846174979226,-0.06234426015568406,0.5493921770922289,0.3018317642501389
PM,0.6331603722186854,0.6067556510201382,0.0264047211985472,0.41615221960962684,0.17318266988601894
PNC,1.040112671193336,1.121569264539563,-0.08145659334622701,0.6805152842683068,0.4631010521227745
PNR,1.0534490293521552,1.1038643778244117,-0.05041534847225648,0.6406353607527979,0.4104136654468672
PNW,0.45390661299998547,0.3267056961832627,0.1272009168167228,0.31438039746480845,0.09883503431013074
PODD,0.9677200351541001,1.2067128244024392,-0.2389927892483391,0.39128599599062697,0.15310473065837704
POOL,0.89118266181056,0.7869812543645702,0.10420140744598982,0.5408673487721714,0.29253748896783727
PPG,1.0002812045703449,1.014902905764005,-0.014621701193660241,0.6506577697975635,0.42335553339793897
PPL,0.4956245499905901,0.46549690512774894,0.03012764486284114,0.34132948084148157,0.1165058144915152
PRU,1.3108008225140015,1.3944352631709378,-0.08363444065693626,0.7248259893131319,0.5253727147837604
PSA,0.602998474418681,0.36914070766641477,0.23385776675226627,0.3402159555422617,0.11574689640553415
PSX,1.2725412182777411,1.0771282040361194,0.19541301424162172,0.6004601600410353,0.36055240379650577
PTC,1.140384377550438,1.2127914350258775,-0.07240705747543941,0.584408063917224,0.34153278517147834
PWR,1.1826493272441418,1.1103664488935236,0.0722828783506182,0.5448332894876526,0.29684331333393654
QCOM,1.0114047260180072,1.0832249684685935,-0.07182024245058627,0.4823884889942469,0.2326986543141527
RCL,1.056325423555803,1.4780548986610302,-0.4217294751052272,0.5607314935253395,0.31441980783115775
REG,0.6589251431892034,0.5918669826461139,0.06705816054308944,0.4423026532403471,0.19563163706345066
REGN,1.5633825103814467,1.1985921117333609,0.3647903986480858,0.4794939317558882,0.22991443059072025
RF,1.1593135511437294,1.3830272842620364,-0.223713733118307,0.6267483281843707,0.39281346688190366
RJF,1.1346649780486453,1.4179057626125326,-0.28324078456388735,0.7003811180568168,0.49053371053051686
RL,0.9438004091928901,1.2115701798568403,-0.26776977066395025,0.4336952077547209,0.18809153322941063
RMD,0.8560251098103291,0.8045930590609629,0.05143205074936619,0.42670602238419086,0.1820780295389376
ROK,1.2442276363921037,1.0917117485128074,0.15251588787929626,0.668393019209769,0.4467492281283504
ROL,0.8094696727562039,0.8255415556056963,-0.016071882849492458,0.5296221774069403,0.2804996508012685
ROP,0.9967679030183807,1.0072852082220176,-0.010517305203636917,0.6978029942038078,0.4869290187197992
ROST,0.9504658160436505,0.9459459553484146,0.004519860695235911,0.50239967559561,0.2524054340385741
RSG,0.6074926430707741,0.6332812699848823,-0.025788626914108215,0.5569045276728417,0.3101426529425112
RTX,0.8806339101168176,1.0514319816762525,-0.17079807155943494,0.6944743507091178,0.48229462379285093
RVTY,1.0863601525399411,1.2292315637441231,-0.142871411204182,0.6762450931010366,0.4573074259432298
SBAC,0.7280051959637558,0.7647221196862951,-0.03671692372253932,0.44077353939977787,0.1942813130350074
SBUX,0.9388948064234425,0.8308299391452014,0.10806486727824105,0.5594548972965351,0.3129897821090768
SCHW,1.3756385473585382,1.5869797708219224,-0.21134122346338424,0.6705255314019386,0.44960448826185206
SHW,0.9206588971466372,0.9079575823769632,0.012701314769673955,0.5755273414968324,0.3312317208104115
SJM,0.5874258398945273,0.46967720225234194,0.1177486376421854,0.3462498077338196,0.11988892935570694
SLB,0.9901773011124556,0.9583795872348253,0.03179771387763031,0.5427813491291235,0.29461159296243156
SMCI,1.0550250576593112,1.085137524888971,-0.030112467229659767,0.33003755657662814,0.10892478875107092
SNA,1.0341293337679163,1.0847202337571016,-0.05059089998918531,0.6257210509986181,0.39152683366281527
SNPS,1.025443800964984,1.0771718931886642,-0.051728092223680244,0.6582040578146999,0.4332325817237367
SO,0.3491672138324294,0.20226404966955455,0.14690316416287483,0.24272831882835064,0.058917036761237385
SPG,0.7127009319231932,0.5862938892959143,0.12640704262727886,0.4431906497673325,0.19641795204119028
SPGI,1.0198218784563802,1.1525635868193342,-0.13274170836295407,0.6642044730334293,0.44116758199761574
SRE,0.49387108331248303,0.46350657921902866,0.03036450409345437,0.3721313440492109,0.13848173722387225
STE,0.8784775594195366,0.8684234655904676,0.010054093829069077,0.5710389878182885,0.32608552560853554
STLD,1.1749266800707248,1.2397418211040028,-0.06481514103327801,0.5166113406863857,0.26688727732578477
STT,1.192766508420176,1.3617126280545206,-0.1689461196343447,0.6693822799366946,0.44807263669324726
STX,1.4230495168377995,1.2307853368443444,0.19226417999345502,0.4645928531713006,0.2158465192178498
STZ,0.7466764431048071,0.6493360052806489,0.09734043782415813,0.3683512009874022,0.1356826072688616
SWK,1.0729384454276292,1.1935850465475666,-0.12064660111993741,0.6439727450457218,0.414700896361722
SWKS,1.4425000808921462,1.5948133995997205,-0.15231331870757425,0.5665278916533648,0.3209538520212065
SYK,0.9091390392397092,0.9052985758186954,0.00384046342101374,0.6306887693915472,0.39776832383662397
SYY,0.5830398513099742,0.64001951063417,-0.0569796593241958,0.44298048183523187,0.19623170728697414
T,0.6147214012870522,0.68942338818304,-0.07470198689598784,0.4628998190545266,0.2142762424807133
TAP,0.833899486980332,0.711301329273393,0.12259815770693905,0.41857342804268527,0.175203714663405
TDG,0.9198258491527207,0.9273235665721338,-0.007497717419413075,0.48736188612633324,0.23752160804861722
TDY,0.9011578910938918,1.0624573619632132,-0.1612994708693214,0.6721324626164193,0.451762047302812
TECH,0.9169288363199649,0.8922122266809371,0.024716609639027776,0.5268460427584302,0.2775667527702177
TEL,1.050349373193514,1.1567053517371166,-0.10635597854360257,0.7018849373443755,0.4926424652709177
TER,1.2814214798156467,1.2496802677007774,0.031741212114869244,0.5844932507676577,0.3416323601929441
TFC,0.9930297761658117,1.0706567499200266,-0.0776269737542149,0.6596614383322232,0.4351532132225373
TGT,0.7206991532273596,0.7858105031876242,-0.06511134996026469,0.376619199985229,0.14184202179751393
TJX,0.8504819175387782,0.8132801148132579,0.037201802725520317,0.5362665325041541,0.28758179388402905
TKO,0.9270216106797533,1.0121431838006594,-0.08512157312090607,0.31494308401624393,0.09918914616966301
TMO,1.1588926708550786,1.132480047657189,0.026412623197889618,0.7048289797983363,0.4967838907635632
TMUS,0.8966318452778044,0.8987525945019094,-0.0021207492241049897,0.411879640186378,0.16964483800006036
TPL,0.6642493176648437,1.0079627445746053,-0.3437134269097616,0.2719454624251033,0.07395433453360334
TPR,1.1018583856525237,1.0469555263110117,0.054902859341511956,0.4270225642703578,0.18234827039603207
TRGP,1.3242865741459549,1.4060198950548901,-0.08173332090893526,0.4278934986376051,0.18309284617633015
TRMB,1.0089331219397395,1.3646430603253363,-0.35570993838559684,0.5238148946899432,0.2743820438990364
TROW,1.2057781953696411,1.1480489968496124,0.05772919852002878,0.7516934680829966,0.5650430699586426
TRV,0.7864199840839775,0.8073503824605186,-0.020930398376541093,0.6217258914693942,0.386543084123413
TSCO,1.0273439085421232,0.9959442519041962,0.03139965663792699,0.49351052458058764,0.2435526378718068
TSLA,1.0650629039419033,1.3607431279888804,-0.29568022404697714,0.34390855926209296,0.11827309713372869
TSN,0.6004663346615046,0.5175484458647254,0.0829178887967792,0.3212395736646908,0.10319486368827224
TT,1.0172683132586324,1.154556444954448,-0.13728813169581566,0.6861664436268262,0.4708243883594865
TTWO,0.9757138347246141,1.176997041225357,-0.20128320650074283,0.45547446170352407,0.20745698526411505
TXN,1.1556542214492427,1.17977111879171,-0.024116897342467247,0.6757862325331103,0.45668703208129513
TXT,1.1997461529232996,1.2718627067872645,-0.07211655386396498,0.6389659832344152,0.4082775277307228
TYL,0.9433860267475371,0.898147086491674,0.04523894025586317,0.5123912682759317,0.262544811805418
UAL,0.8627674721286978,1.3223824299769023,-0.4596149578482045,0.4420307059533663,0.19539114500563126
UDR,0.5692035259380906,0.6164640185221111,-0.04726049258402043,0.41243793841833043,0.1701050530467626
UHS,0.6568526029953581,0.9733664612784358,-0.31651385828307776,0.42797733431601165,0.1831645986882393
ULTA,0.9059377762507284,0.8854970598126215,0.020440716438106854,0.31769485315126256,0.10093001971880244
UNH,0.9553765111292891,0.8521233848396637,0.10325312628962546,0.5523617429418869,0.30510349506579904
UNP,1.121602080919067,1.032529779259434,0.08907230165963309,0.6426912028093407,0.41305198216851724
UPS,0.8949891324597476,0.8411232976833926,0.05386583477635509,0.6210423661692188,0.385693620577062
URI,1.6319789092589547,1.8295483887313315,-0.1975694794723768,0.6103987540192962,0.3725866389083091
USB,0.90104851884016,1.0414477689846584,-0.1403992501444984,0.7174168790982918,0.5146869784151328
V,1.1898112902212659,1.1300557868195804,0.05975550340168545,0.7091385439539044,0.5028774745210636
VLO,1.2506823153635884,1.2257853327037351,0.024896982659853295,0.512655865537694,0.26281603647020246
VMC,1.1713621701625159,0.9682509955399223,0.20311117462259354,0.5385458688649218,0.2900316528714736
VRSK,0.8143383458858617,0.8135304349998634,0.0008079108859982975,0.5683094027880432,0.32297557729730253
VRSN,0.9651368944605454,1.0409345136711543,-0.0757976192106089,0.5727425390806365,0.32803401607253435
VRTX,1.593004369044166,1.4707484708748153,0.12225589816935067,0.40171895520853124,0.16137811897383425
VTR,0.4951358552085986,0.3587273294730784,0.1364085257355202,0.2546884440756065,0.06486620354565342
VTRS,1.2920277574564698,1.194407415173352,0.09762034228311789,0.44286299455365763,0.1961276319450328
VZ,0.5910338854347689,0.5764208161645938,0.014613069270175028,0.4212980748813064,0.17749206789869498
WAB,1.008151994544128,1.1372693413436643,-0.12911734679953635,0.5447038425670461,0.2967022761073054
WAT,1.0014381536414936,0.9747587550038175,0.0266793986376761,0.5848501182422124,0.3420496608079302
WBA,0.9527094466035222,1.033813257074828,-0.08110381047130577,0.49347111830587004,0.2435137446020459
WBD,1.0585070745285803,1.099492157740154,-0.04098508321157368,0.44206214507049163,0.1954189401043246
WDAY,1.3723653907694564,1.3004998089112838,0.0718655818581726,0.49621105418932004,0.24622541029967637
WDC,1.474225362318626,1.500287469357086,-0.026062107038459903,0.5182619353331251,0.2685954336152364
WEC,0.4155529006611549,0.2878477015156103,0.12770519914554462,0.2846619117593128,0.08103240400646683
WELL,0.5648003608120988,0.4493672683282028,0.11543309248389605,0.3034140723254813,0.09206009928513226
WFC,1.0133368558508173,1.0679764531750797,-0.05463959732426238,0.6801063903468626,0.4625447021906389
WM,0.6262945364913467,0.6449833343813459,-0.01868879788999922,0.551839115076509,0.30452640892842464
WMB,1.3184907183292573,1.5191986071309838,-0.2007078888017264,0.4158225523099812,0.17290839500958688
WMT,0.6505392571719938,0.5604090672305676,0.09013018994142619,0.4297388407366582,0.18467547123768702
WRB,0.7019305001474684,0.7285645318648196,-0.026634031717351236,0.5861865665404262,0.34361469079245355
WSM,0.8666738803279254,0.8934649159854988,-0.02679103565757346,0.3865085461569803,0.14938885625238274
WST,0.823792605496617,0.8483625558096798,-0.02456995031306275,0.510495488172983,0.2606056434449723
WTW,0.6938837058472305,0.7854403929374162,-0.09155668709018572,0.5483323666144965,0.30066838427705433
WY,0.8786097447129165,0.9761924350870735,-0.09758269037415701,0.5637922347550683,0.31786168397011394
WYNN,1.4531106168477652,1.3334283887024563,0.11968222814530893,0.45237619415381286,0.20464422103708801
XEL,0.39502336211797434,0.3148929971539504,0.08013036496402393,0.2944995260419399,0.0867299708389273
XOM,1.0136854277189922,0.8674150308910671,0.1462703968279251,0.6417040236383408,0.41178405395363626
XYL,0.9822690095866567,1.0559112855717492,-0.07364227598509243,0.6209376805883388,0.38556360317442595
YUM,0.8303528154874058,0.8787713210631155,-0.0484185055757097,0.516710806460456,0.26699005751301463
ZBH,0.8536990245363564,0.9497261360213876,-0.09602711148503118,0.5587128295258476,0.3121600258767786
ZBRA,1.1799259002063363,1.4188000456858998,-0.23887414547956354,0.47664704952494674,0.227192409820837
ZTS,0.9096311266365791,0.983462759471992,-0.07383163283541294,0.5371109430892846,0.28848816518626075
