Price,Close,High,Low,Open,Volume
Ticker,AEVA,AEVA,AEVA,AEVA,AEVA
Date,,,,,
2020-02-27,49.25,49.400001525878906,48.0,48.0,176540
2020-02-28,49.25,49.25,49.25,49.25,5780
2020-03-02,49.150001525878906,49.29999923706055,49.099998474121094,49.29999923706055,60860
2020-03-03,49.04999923706055,49.04999923706055,49.0,49.0,286260
2020-03-04,49.20000076293945,49.20000076293945,49.150001525878906,49.150001525878906,140
2020-03-05,49.099998474121094,49.099998474121094,49.0,49.099998474121094,15940
2020-03-06,49.25,49.5,49.25,49.5,60
2020-03-09,49.0,49.099998474121094,49.0,49.099998474121094,19900
2020-03-10,49.0,49.0,49.0,49.0,0
2020-03-11,48.95000076293945,49.0,48.95000076293945,49.0,10000
2020-03-12,48.5,48.75,48.5,48.75,2040
2020-03-13,48.5,48.5,48.375,48.5,2300
2020-03-16,48.70000076293945,48.70000076293945,48.0,48.0,360
2020-03-17,48.650001525878906,48.650001525878906,48.04999923706055,48.04999923706055,120
2020-03-18,46.400001525878906,48.25,46.400001525878906,48.25,3300
2020-03-19,47.400001525878906,48.0,47.400001525878906,48.0,100
2020-03-20,47.099998474121094,47.099998474121094,46.5,47.0,220
2020-03-23,46.0,46.54999923706055,45.75,46.54999923706055,2700
2020-03-24,47.25,47.25,46.150001525878906,46.150001525878906,10200
2020-03-25,47.25,47.25,47.25,47.25,0
2020-03-26,47.25,47.25,47.25,47.25,0
2020-03-27,46.849998474121094,46.849998474121094,46.849998474121094,46.849998474121094,1720
2020-03-30,46.849998474121094,46.849998474121094,46.849998474121094,46.849998474121094,0
2020-03-31,46.849998474121094,46.849998474121094,46.849998474121094,46.849998474121094,0
2020-04-01,47.099998474121094,47.82500076293945,47.099998474121094,47.400001525878906,142480
2020-04-02,47.599998474121094,47.599998474121094,47.45000076293945,47.45000076293945,11500
2020-04-03,47.75,47.75,47.54999923706055,47.54999923706055,85140
2020-04-06,47.75,47.75,47.75,47.75,0
2020-04-07,47.75,47.75,47.75,47.75,0
2020-04-08,47.75,47.75,47.75,47.75,0
2020-04-09,47.75,47.75,47.75,47.75,0
2020-04-13,47.75,47.75,47.75,47.75,0
2020-04-14,48.529998779296875,48.529998779296875,48.529998779296875,48.529998779296875,120
2020-04-15,48.0,48.75,47.75,48.75,480
2020-04-16,48.0,48.0,48.0,48.0,0
2020-04-17,47.95000076293945,47.95000076293945,47.95000076293945,47.95000076293945,2400
2020-04-20,48.70000076293945,48.70000076293945,48.70000076293945,48.70000076293945,100
2020-04-21,48.70000076293945,48.70000076293945,48.70000076293945,48.70000076293945,0
2020-04-22,48.70000076293945,48.70000076293945,48.70000076293945,48.70000076293945,0
2020-04-23,48.95000076293945,48.95000076293945,48.70000076293945,48.70000076293945,140
2020-04-24,48.95000076293945,48.95000076293945,48.95000076293945,48.95000076293945,0
2020-04-27,48.95000076293945,48.95000076293945,48.95000076293945,48.95000076293945,0
2020-04-28,48.95000076293945,48.95000076293945,48.95000076293945,48.95000076293945,0
2020-04-29,48.95000076293945,48.95000076293945,48.95000076293945,48.95000076293945,0
2020-04-30,48.95000076293945,48.95000076293945,48.95000076293945,48.95000076293945,0
2020-05-01,48.95000076293945,48.95000076293945,48.95000076293945,48.95000076293945,0
2020-05-04,48.95000076293945,48.95000076293945,48.95000076293945,48.95000076293945,0
2020-05-05,48.95000076293945,48.95000076293945,48.95000076293945,48.95000076293945,0
2020-05-06,48.95000076293945,48.95000076293945,48.95000076293945,48.95000076293945,0
2020-05-07,48.95000076293945,48.95000076293945,48.95000076293945,48.95000076293945,0
2020-05-08,48.95000076293945,48.95000076293945,48.95000076293945,48.95000076293945,0
2020-05-11,48.95000076293945,48.95000076293945,48.95000076293945,48.95000076293945,0
2020-05-12,48.95000076293945,48.95000076293945,48.95000076293945,48.95000076293945,0
2020-05-13,48.95000076293945,48.95000076293945,48.95000076293945,48.95000076293945,0
2020-05-14,48.95000076293945,48.95000076293945,48.95000076293945,48.95000076293945,0
2020-05-15,48.95000076293945,48.95000076293945,48.95000076293945,48.95000076293945,0
2020-05-18,48.95000076293945,48.95000076293945,48.95000076293945,48.95000076293945,0
2020-05-19,48.95000076293945,48.95000076293945,48.95000076293945,48.95000076293945,0
2020-05-20,48.95000076293945,48.95000076293945,48.95000076293945,48.95000076293945,0
2020-05-21,48.95000076293945,48.95000076293945,48.95000076293945,48.95000076293945,0
2020-05-22,48.95000076293945,48.95000076293945,48.95000076293945,48.95000076293945,0
2020-05-26,48.95000076293945,48.95000076293945,48.95000076293945,48.95000076293945,0
2020-05-27,48.95000076293945,48.95000076293945,48.95000076293945,48.95000076293945,0
2020-05-28,48.95000076293945,48.95000076293945,48.95000076293945,48.95000076293945,0
2020-05-29,48.95000076293945,48.95000076293945,48.95000076293945,48.95000076293945,0
2020-06-01,48.45000076293945,48.45000076293945,48.04999923706055,48.04999923706055,1020
2020-06-02,48.25,48.29999923706055,48.25,48.29999923706055,440
2020-06-03,48.25,48.25,48.25,48.25,0
2020-06-04,48.25,48.25,48.25,48.25,0
2020-06-05,48.25,48.25,48.25,48.25,0
2020-06-08,49.0,49.0,49.0,49.0,20
2020-06-09,49.0,49.0,49.0,49.0,0
2020-06-10,48.5,48.5,48.5,48.5,15700
2020-06-11,48.5,48.5,48.5,48.5,0
2020-06-12,48.5,48.5,48.5,48.5,0
2020-06-15,48.5,48.5,48.5,48.5,0
2020-06-16,48.5,48.5,48.5,48.5,0
2020-06-17,48.5,48.5,48.5,48.5,0
2020-06-18,48.95000076293945,48.95000076293945,48.900001525878906,48.900001525878906,120
2020-06-19,49.20000076293945,49.20000076293945,48.939998626708984,48.95000076293945,5760
2020-06-22,49.14500045776367,49.14500045776367,48.95000076293945,48.95000076293945,320
2020-06-23,49.0,49.25,49.0,49.25,80
2020-06-24,49.224998474121094,49.375,49.224998474121094,49.375,120
2020-06-25,49.54999923706055,49.54999923706055,49.20000076293945,49.5,40200
2020-06-26,49.275001525878906,49.45000076293945,49.275001525878906,49.45000076293945,420
2020-06-29,49.375,49.5,49.290000915527344,49.5,400
2020-06-30,49.599998474121094,49.599998474121094,49.54999923706055,49.54999923706055,25060
2020-07-01,49.75,49.75,49.42499923706055,49.42499923706055,13640
2020-07-02,49.70000076293945,49.95000076293945,49.70000076293945,49.95000076293945,80120
2020-07-06,49.25,49.619998931884766,49.07500076293945,49.07500076293945,720
2020-07-07,49.349998474121094,49.5,49.25,49.25,3800
2020-07-08,49.5,49.75,49.349998474121094,49.650001525878906,27060
2020-07-09,49.75,49.75,49.599998474121094,49.599998474121094,120
2020-07-10,49.79999923706055,49.95000076293945,49.724998474121094,49.95000076293945,121620
2020-07-13,50.25,50.5,49.95000076293945,49.95000076293945,10780
2020-07-14,50.5,50.5,49.75,49.75,500
2020-07-15,50.25,50.25,50.11000061035156,50.125,440
2020-07-16,50.25,50.25,50.099998474121094,50.25,1140
2020-07-17,50.150001525878906,50.25,50.099998474121094,50.20000076293945,10240
2020-07-20,50.75,51.0,50.70000076293945,51.0,4360
2020-07-21,50.5,50.5,50.42499923706055,50.42499923706055,7020
2020-07-22,50.25,50.349998474121094,50.25,50.349998474121094,60
2020-07-23,50.099998474121094,50.150001525878906,50.099998474121094,50.099998474121094,1540
2020-07-24,50.099998474121094,50.25,50.099998474121094,50.25,1500
2020-07-27,50.099998474121094,50.42499923706055,50.099998474121094,50.42499923706055,400
2020-07-28,50.099998474121094,50.099998474121094,50.099998474121094,50.099998474121094,300
2020-07-29,50.150001525878906,50.150001525878906,50.150001525878906,50.150001525878906,40260
2020-07-30,50.099998474121094,50.150001525878906,50.099998474121094,50.099998474121094,5000
2020-07-31,49.70000076293945,50.04999923706055,49.70000076293945,50.04999923706055,5860
2020-08-03,49.95000076293945,49.95000076293945,49.79999923706055,49.79999923706055,1980
2020-08-04,50.0,50.0,49.95000076293945,49.95000076293945,3460
2020-08-05,49.75,49.75,49.75,49.75,740
2020-08-06,49.8650016784668,49.8650016784668,49.75,49.75,220
2020-08-07,49.95000076293945,50.0,49.75,49.75,1140
2020-08-10,49.75,49.900001525878906,49.75,49.900001525878906,22900
2020-08-11,49.75,49.75,49.75,49.75,700
2020-08-12,49.75,49.75,49.75,49.75,5020
2020-08-13,50.0,50.0,50.0,50.0,520
2020-08-14,49.775001525878906,49.775001525878906,49.75,49.75,10460
2020-08-17,49.650001525878906,50.0,49.650001525878906,50.0,45080
2020-08-18,49.650001525878906,49.650001525878906,49.650001525878906,49.650001525878906,133600
2020-08-19,49.95000076293945,50.25,49.95000076293945,50.25,340
2020-08-20,49.75,49.75,49.75,49.75,20
2020-08-21,49.75,49.75,49.75,49.75,0
2020-08-24,49.25,49.25,49.25,49.25,40
2020-08-25,49.25,49.625,49.25,49.5,1100
2020-08-26,49.150001525878906,49.54999923706055,49.150001525878906,49.54999923706055,480
2020-08-27,49.150001525878906,49.20000076293945,49.150001525878906,49.150001525878906,51740
2020-08-28,49.150001525878906,49.150001525878906,49.150001525878906,49.150001525878906,0
2020-08-31,49.45000076293945,49.70000076293945,49.45000076293945,49.70000076293945,80
2020-09-01,49.0,49.04999923706055,49.0,49.0,1760
2020-09-02,49.0,49.125,49.0,49.125,2740
2020-09-03,49.04999923706055,49.04999923706055,49.04999923706055,49.04999923706055,320
2020-09-04,49.54999923706055,50.5,49.54999923706055,50.5,480
2020-09-08,49.29999923706055,49.54999923706055,49.29999923706055,49.54999923706055,340
2020-09-09,49.29999923706055,49.54999923706055,49.04999923706055,49.099998474121094,520
2020-09-10,49.25,49.54999923706055,49.17499923706055,49.54999923706055,6300
2020-09-11,49.20000076293945,49.25,49.099998474121094,49.25,900
2020-09-14,49.400001525878906,49.45000076293945,49.25,49.25,70960
2020-09-15,49.29999923706055,49.349998474121094,49.25,49.25,21120
2020-09-16,49.54999923706055,49.54999923706055,49.29999923706055,49.29999923706055,36620
2020-09-17,49.75,49.75,49.349998474121094,49.349998474121094,720
2020-09-18,49.599998474121094,49.599998474121094,49.349998474121094,49.54999923706055,1080
2020-09-21,49.75,49.75,49.349998474121094,49.349998474121094,71960
2020-09-22,50.5,50.5,49.349998474121094,49.5,128380
2020-09-23,49.650001525878906,50.04999923706055,49.25,49.25,8080
2020-09-24,49.650001525878906,49.650001525878906,49.650001525878906,49.650001525878906,0
2020-09-25,49.5,49.5,49.29999923706055,49.400001525878906,480
2020-09-28,49.400001525878906,49.54999923706055,49.25,49.349998474121094,143360
2020-09-29,49.5,49.599998474121094,49.349998474121094,49.5,920
2020-09-30,50.0,50.04999923706055,49.5,49.75,103760
2020-10-01,50.125,50.5,50.0,50.5,145460
2020-10-02,50.04999923706055,50.5,49.25,50.5,93620
2020-10-05,50.099998474121094,50.099998474121094,49.79999923706055,49.849998474121094,52660
2020-10-06,50.0,50.150001525878906,49.5,49.599998474121094,3580
2020-10-07,49.724998474121094,50.29999923706055,49.5,49.849998474121094,26940
2020-10-08,49.849998474121094,50.564998626708984,49.75,50.564998626708984,520
2020-10-09,49.650001525878906,50.0,49.5,49.79999923706055,580
2020-10-12,49.92499923706055,50.29999923706055,49.75,49.75,13020
2020-10-13,50.224998474121094,50.224998474121094,50.224998474121094,50.224998474121094,40
2020-10-14,50.25,50.25,50.20000076293945,50.20000076293945,12400
2020-10-15,50.0,50.0,50.0,50.0,1200
2020-10-16,49.5,49.619998931884766,49.5,49.5,580
2020-10-19,49.5,49.5,49.5,49.5,20
2020-10-20,49.54999923706055,49.54999923706055,49.5,49.5,3240
2020-10-21,49.54999923706055,50.400001525878906,49.54999923706055,50.400001525878906,1540
2020-10-22,49.95000076293945,49.95000076293945,49.54999923706055,49.54999923706055,360
2020-10-23,49.5,49.54999923706055,49.42499923706055,49.54999923706055,23740
2020-10-26,49.400001525878906,49.599998474121094,49.400001525878906,49.5,4800
2020-10-27,49.400001525878906,49.400001525878906,49.400001525878906,49.400001525878906,2020
2020-10-28,49.04999923706055,49.25,49.04999923706055,49.25,7040
2020-10-29,49.505001068115234,49.75,49.45000076293945,49.45000076293945,160
2020-10-30,49.45000076293945,49.45000076293945,49.099998474121094,49.25,5060
2020-11-02,50.099998474121094,51.349998474121094,49.75,49.75,1469000
2020-11-03,50.25,50.400001525878906,50.150001525878906,50.400001525878906,254340
2020-11-04,50.400001525878906,50.5,50.25,50.5,33340
2020-11-05,50.54999923706055,50.599998474121094,50.25,50.5,46180
2020-11-06,50.599998474121094,50.849998474121094,50.25,50.349998474121094,34700
2020-11-09,50.474998474121094,50.75,50.29999923706055,50.75,18120
2020-11-10,50.650001525878906,50.779998779296875,50.54999923706055,50.650001525878906,6560
2020-11-11,50.400001525878906,50.564998626708984,50.25,50.5,92340
2020-11-12,50.400001525878906,50.900001525878906,50.349998474121094,50.900001525878906,57580
2020-11-13,50.349998474121094,50.5,50.25,50.349998474121094,89560
2020-11-16,50.400001525878906,50.650001525878906,50.400001525878906,50.54999923706055,7380
2020-11-17,50.5,50.70000076293945,50.400001525878906,50.5,19080
2020-11-18,50.400001525878906,50.75,50.349998474121094,50.70000076293945,14520
2020-11-19,50.5,50.70000076293945,50.349998474121094,50.400001525878906,130860
2020-11-20,51.25,51.849998474121094,50.349998474121094,50.70000076293945,70000
2020-11-23,52.0,52.099998474121094,51.5,51.75,138680
2020-11-24,52.0,53.349998474121094,52.0,53.0,122520
2020-11-25,53.599998474121094,53.75,51.974998474121094,53.25,260840
2020-11-27,54.349998474121094,54.75,53.5,53.650001525878906,103780
2020-11-30,55.25,57.5,54.349998474121094,57.5,309120
2020-12-01,55.0,56.25,54.75,56.25,189060
2020-12-02,56.25,56.25,53.75,54.79999923706055,120860
2020-12-03,57.20000076293945,58.400001525878906,56.099998474121094,57.25,561940
2020-12-04,62.5,62.5,58.599998474121094,59.75,1185740
2020-12-07,71.4000015258789,71.5999984741211,67.0,67.55000305175781,1332200
2020-12-08,71.19999694824219,80.0,68.5,79.75,1429680
2020-12-09,72.1500015258789,76.44999694824219,68.5,73.0,695860
2020-12-10,70.0,71.25,69.25,70.5,438220
2020-12-11,69.8499984741211,73.5999984741211,69.30000305175781,69.30000305175781,494940
2020-12-14,67.5,72.55000305175781,66.0,70.9000015258789,533700
2020-12-15,64.80000305175781,74.0,63.29999923706055,66.3499984741211,885460
2020-12-16,65.0,67.9749984741211,64.69999694824219,66.25,204680
2020-12-17,65.75,67.0999984741211,64.25,65.0,192000
2020-12-18,65.25,66.25,64.55000305175781,65.75,160280
2020-12-21,74.5,74.5,64.5,64.5,430200
2020-12-22,93.3499984741211,99.19999694824219,78.5,78.5999984741211,1375600
2020-12-23,90.80000305175781,92.44999694824219,86.25,86.25,336760
2020-12-24,88.80000305175781,91.9000015258789,85.5999984741211,90.75,131200
2020-12-28,83.75,91.25,79.5999984741211,91.25,603120
2020-12-29,75.5999984741211,83.125,75.19999694824219,83.0,377840
2020-12-30,77.44999694824219,78.75,76.25,78.44999694824219,227700
2020-12-31,72.69999694824219,77.6500015258789,72.05000305175781,77.5,272880
2021-01-04,82.0,82.75,73.1500015258789,79.94999694824219,428680
2021-01-05,89.5,91.05000305175781,79.9749984741211,80.3499984741211,463660
2021-01-06,89.69999694824219,98.4000015258789,86.75,89.94999694824219,524600
2021-01-07,92.0,97.5,89.69999694824219,95.75,271340
2021-01-08,88.80000305175781,94.5,87.8499984741211,94.25,211700
2021-01-11,84.6500015258789,89.5,84.25,87.5,160300
2021-01-12,84.3499984741211,88.5,83.25,87.0,149320
2021-01-13,82.5,84.94999694824219,82.25,83.75,330420
2021-01-14,83.9000015258789,87.25,82.44999694824219,82.44999694824219,306720
2021-01-15,80.8499984741211,85.1500015258789,79.5,82.44999694824219,202200
2021-01-19,85.0,88.44999694824219,82.55000305175781,84.75,265520
2021-01-20,82.9000015258789,86.94999694824219,80.55000305175781,86.75,212000
2021-01-21,82.75,83.55000305175781,80.0,83.0,194040
2021-01-22,80.75,83.25,79.1500015258789,81.25,167460
2021-01-25,78.55000305175781,80.6500015258789,75.5999984741211,80.55000305175781,248420
2021-01-26,78.5999984741211,83.25,77.66500091552734,81.5999984741211,240800
2021-01-27,74.25,80.5,74.0,75.5,304360
2021-01-28,76.1500015258789,78.19999694824219,74.25,74.25,115960
2021-01-29,73.80000305175781,76.80000305175781,73.80000305175781,75.0,89080
2021-02-01,76.0999984741211,81.19999694824219,74.6500015258789,76.1500015258789,254780
2021-02-02,79.1500015258789,81.0999984741211,77.4000015258789,77.5,129040
2021-02-03,83.05000305175781,84.5,78.4000015258789,79.25,186360
2021-02-04,83.80000305175781,85.44999694824219,82.55000305175781,83.05000305175781,118940
2021-02-05,83.5999984741211,84.25,81.25,83.3499984741211,102940
2021-02-08,92.4000015258789,93.9000015258789,81.5,83.69999694824219,457360
2021-02-09,98.30000305175781,109.17500305175781,95.55000305175781,103.80000305175781,824740
2021-02-10,100.0,104.25,94.0,101.30000305175781,265080
2021-02-11,92.0,104.0,88.625,99.0999984741211,361240
2021-02-12,89.80000305175781,91.94999694824219,87.8499984741211,89.5,141560
2021-02-16,85.5,92.4000015258789,85.0999984741211,91.75,205900
2021-02-17,84.75,88.55000305175781,84.0,86.25,219700
2021-02-18,86.6500015258789,89.55000305175781,83.30000305175781,84.0,181080
2021-02-19,97.5,97.5,88.19999694824219,88.75,368900
2021-02-22,95.44999694824219,103.9000015258789,95.1500015258789,98.0,239960
2021-02-23,80.4000015258789,89.55000305175781,75.0,88.30000305175781,428660
2021-02-24,78.69999694824219,82.8499984741211,77.05000305175781,81.5,246620
2021-02-25,75.19999694824219,81.25,74.5,80.0,161220
2021-02-26,69.30000305175781,77.8499984741211,68.75,75.19999694824219,255340
2021-03-01,76.30000305175781,77.16500091552734,72.3499984741211,73.3499984741211,197420
2021-03-02,77.25,79.75,76.5,79.0,160980
2021-03-03,77.5,79.94999694824219,72.05000305175781,77.25,277480
2021-03-04,67.75,76.0,67.55000305175781,73.75,462800
2021-03-05,62.20000076293945,69.0,53.5,69.0,764760
2021-03-08,57.79999923706055,67.5,57.5,66.80000305175781,236660
2021-03-09,62.75,63.5,59.54999923706055,60.900001525878906,203440
2021-03-10,63.599998474121094,72.5,63.54999923706055,69.44999694824219,289860
2021-03-11,66.05000305175781,69.94999694824219,63.79999923706055,66.25,349540
2021-03-12,65.19999694824219,69.5,63.0,65.6500015258789,292220
2021-03-15,80.80000305175781,94.55000305175781,64.3499984741211,69.0,1568720
2021-03-16,75.4000015258789,87.5,74.5,85.9000015258789,639660
2021-03-17,70.25,77.5,69.0999984741211,76.8499984741211,518740
2021-03-18,65.94999694824219,74.0,65.19999694824219,71.5,359500
2021-03-19,72.8499984741211,75.5,67.3499984741211,67.94999694824219,387780
2021-03-22,71.1500015258789,77.69999694824219,70.94999694824219,76.69999694824219,354400
2021-03-23,69.9000015258789,72.3499984741211,68.75,70.75,181120
2021-03-24,61.599998474121094,71.44999694824219,61.25,70.6500015258789,391220
2021-03-25,61.79999923706055,62.25,56.849998474121094,60.099998474121094,465060
2021-03-26,61.54999923706055,64.875,59.70000076293945,61.04999923706055,174780
2021-03-29,59.900001525878906,62.25,59.04999923706055,61.150001525878906,178480
2021-03-30,56.599998474121094,59.5,55.04999923706055,59.0,366560
2021-03-31,58.0,58.70000076293945,56.400001525878906,57.5,191820
2021-04-01,62.29999923706055,62.599998474121094,59.099998474121094,60.75,320000
2021-04-05,62.400001525878906,64.0,60.13999938964844,63.099998474121094,176520
2021-04-06,61.5,62.150001525878906,59.63999938964844,61.54999923706055,165560
2021-04-07,59.900001525878906,61.29999923706055,59.04999923706055,60.650001525878906,197220
2021-04-08,60.099998474121094,61.29999923706055,58.599998474121094,59.650001525878906,372500
2021-04-09,58.900001525878906,60.0,57.75,59.900001525878906,227220
2021-04-12,54.849998474121094,58.29999923706055,54.400001525878906,57.75,344220
2021-04-13,55.04999923706055,55.150001525878906,51.75,53.95000076293945,273080
2021-04-14,53.25,54.95000076293945,51.099998474121094,53.75,638940
2021-04-15,47.95000076293945,53.5,46.75,53.5,650940
2021-04-16,51.29999923706055,51.29999923706055,44.75,47.95000076293945,493660
2021-04-19,47.900001525878906,52.150001525878906,46.25,51.29999923706055,414900
2021-04-20,44.599998474121094,48.599998474121094,43.91999816894531,47.54999923706055,410320
2021-04-21,46.599998474121094,46.70000076293945,42.849998474121094,43.79999923706055,446440
2021-04-22,46.099998474121094,48.70000076293945,45.400001525878906,47.04999923706055,234500
2021-04-23,48.29999923706055,48.95000076293945,46.5,46.5,176680
2021-04-26,51.04999923706055,51.45000076293945,48.79999923706055,48.95000076293945,320600
2021-04-27,49.75,51.599998474121094,49.25,51.29999923706055,219340
2021-04-28,50.0,50.04999923706055,48.75,49.20000076293945,159280
2021-04-29,48.900001525878906,50.75,47.20000076293945,50.650001525878906,158520
2021-04-30,48.349998474121094,49.25,47.5,47.849998474121094,127100
2021-05-03,48.75,49.20000076293945,47.0,49.0,176680
2021-05-04,48.900001525878906,48.95000076293945,45.54999923706055,47.70000076293945,172000
2021-05-05,48.29999923706055,50.150001525878906,47.95000076293945,48.79999923706055,154840
2021-05-06,47.75,49.70000076293945,46.54999923706055,49.29999923706055,229300
2021-05-07,47.0,48.5,46.650001525878906,47.849998474121094,167620
2021-05-10,42.349998474121094,47.25,42.20000076293945,46.400001525878906,298240
2021-05-11,41.45000076293945,41.75,39.650001525878906,40.349998474121094,202340
2021-05-12,38.95000076293945,41.025001525878906,38.150001525878906,40.75,329600
2021-05-13,35.29999923706055,40.5,35.25,39.70000076293945,631840
2021-05-14,39.70000076293945,44.25,39.099998474121094,41.900001525878906,1106460
2021-05-17,39.650001525878906,40.0,38.099998474121094,39.79999923706055,242860
2021-05-18,40.20000076293945,41.099998474121094,38.75,39.900001525878906,266600
2021-05-19,38.70000076293945,39.0,37.79999923706055,38.29999923706055,294720
2021-05-20,41.650001525878906,41.79999923706055,39.0,39.150001525878906,320700
2021-05-21,43.5,44.099998474121094,40.75,41.95000076293945,342800
2021-05-24,45.04999923706055,45.54999923706055,43.29999923706055,44.0,228200
2021-05-25,44.54999923706055,46.25,44.0,45.5,141920
2021-05-26,47.349998474121094,47.95000076293945,44.5,44.70000076293945,191640
2021-05-27,48.0,48.5,46.755001068115234,47.5,147720
2021-05-28,48.79999923706055,49.599998474121094,48.099998474121094,48.45000076293945,117640
2021-06-01,52.29999923706055,53.400001525878906,49.5,49.75,399080
2021-06-02,50.349998474121094,52.95500183105469,49.040000915527344,52.599998474121094,437880
2021-06-03,50.95000076293945,52.599998474121094,48.92499923706055,50.0,309000
2021-06-04,52.0,53.45000076293945,51.04999923706055,52.45000076293945,484380
2021-06-07,54.400001525878906,55.86000061035156,51.0,53.150001525878906,629040
2021-06-08,61.04999923706055,62.349998474121094,55.150001525878906,55.5,645400
2021-06-09,56.54999923706055,61.099998474121094,56.099998474121094,60.70000076293945,457360
2021-06-10,57.400001525878906,58.900001525878906,56.0,57.0,313440
2021-06-11,55.75,58.099998474121094,55.70000076293945,57.900001525878906,224260
2021-06-14,52.54999923706055,57.375,52.349998474121094,55.75,366840
2021-06-15,50.70000076293945,52.849998474121094,50.26499938964844,52.79999923706055,209640
2021-06-16,52.70000076293945,53.45000076293945,50.45000076293945,50.45000076293945,590800
2021-06-17,54.650001525878906,57.099998474121094,52.5,52.70000076293945,731960
2021-06-18,57.54999923706055,58.04999923706055,54.099998474121094,54.099998474121094,1730740
2021-06-21,55.400001525878906,57.93000030517578,54.79999923706055,57.70000076293945,517560
2021-06-22,52.75,56.150001525878906,52.0,55.20000076293945,567900
2021-06-23,54.70000076293945,54.95000076293945,52.5,52.849998474121094,323080
2021-06-24,57.45000076293945,58.900001525878906,54.29999923706055,54.79999923706055,271040
2021-06-25,55.0,58.75,55.0,56.79999923706055,1167460
2021-06-28,55.650001525878906,57.54999923706055,54.869998931884766,55.45000076293945,203060
2021-06-29,53.599998474121094,56.25,52.875,56.099998474121094,183560
2021-06-30,52.849998474121094,54.099998474121094,52.04999923706055,53.25,127160
2021-07-01,54.349998474121094,54.45000076293945,51.95000076293945,53.400001525878906,186160
2021-07-02,52.54999923706055,54.650001525878906,52.099998474121094,54.04999923706055,774760
2021-07-06,51.5,53.099998474121094,50.54999923706055,52.599998474121094,221380
2021-07-07,53.099998474121094,53.400001525878906,50.900001525878906,52.29999923706055,245420
2021-07-08,51.79999923706055,52.95000076293945,50.400001525878906,52.650001525878906,280320
2021-07-09,54.20000076293945,54.400001525878906,51.45000076293945,51.79999923706055,253620
2021-07-12,56.900001525878906,57.400001525878906,54.599998474121094,55.150001525878906,231740
2021-07-13,54.849998474121094,56.95000076293945,53.79999923706055,56.95000076293945,218360
2021-07-14,50.099998474121094,55.25,49.25,55.04999923706055,289200
2021-07-15,48.70000076293945,50.95000076293945,47.0,50.25,266020
2021-07-16,48.54999923706055,49.48500061035156,47.349998474121094,48.900001525878906,198980
2021-07-19,43.95000076293945,46.75,42.01499938964844,46.75,436500
2021-07-20,46.20000076293945,47.79999923706055,42.5,44.45000076293945,305080
2021-07-21,46.70000076293945,47.5,45.70000076293945,46.45000076293945,160320
2021-07-22,44.70000076293945,47.0,44.224998474121094,46.70000076293945,194620
2021-07-23,44.04999923706055,45.0,42.650001525878906,44.92499923706055,140280
2021-07-26,44.849998474121094,45.224998474121094,42.900001525878906,43.599998474121094,182440
2021-07-27,44.29999923706055,45.0,42.650001525878906,44.79999923706055,159960
2021-07-28,45.650001525878906,46.20000076293945,44.20000076293945,44.20000076293945,163960
2021-07-29,44.650001525878906,46.54499816894531,44.400001525878906,45.5,112420
2021-07-30,43.79999923706055,45.400001525878906,43.45000076293945,44.099998474121094,113720
2021-08-02,44.54999923706055,45.400001525878906,43.900001525878906,43.900001525878906,94380
2021-08-03,42.099998474121094,44.54999923706055,41.95000076293945,44.45000076293945,184100
2021-08-04,42.70000076293945,43.5,41.29999923706055,41.849998474121094,163300
2021-08-05,44.599998474121094,44.900001525878906,42.099998474121094,42.349998474121094,140980
2021-08-06,45.54999923706055,46.25,43.900001525878906,44.79999923706055,89740
2021-08-09,46.25,46.650001525878906,44.95000076293945,45.70000076293945,108340
2021-08-10,48.0,49.45000076293945,46.400001525878906,46.625,197600
2021-08-11,45.400001525878906,48.25,44.8849983215332,48.25,147520
2021-08-12,44.900001525878906,45.349998474121094,44.099998474121094,44.95000076293945,147680
2021-08-13,42.349998474121094,43.68000030517578,41.54999923706055,43.150001525878906,228780
2021-08-16,39.900001525878906,41.89500045776367,39.5,41.849998474121094,214380
2021-08-17,39.20000076293945,40.45000076293945,38.400001525878906,39.25,220760
2021-08-18,39.54999923706055,40.5,37.79999923706055,39.25,154240
2021-08-19,37.70000076293945,39.20000076293945,37.54999923706055,39.099998474121094,179420
2021-08-20,38.29999923706055,39.25,37.599998474121094,37.599998474121094,142660
2021-08-23,43.5,43.849998474121094,38.75,38.79999923706055,401060
2021-08-24,46.04999923706055,46.25,43.0,43.5,321280
2021-08-25,48.5,49.150001525878906,46.29999923706055,48.29999923706055,481860
2021-08-26,49.54999923706055,50.349998474121094,47.349998474121094,48.20000076293945,266220
2021-08-27,51.79999923706055,52.29999923706055,49.650001525878906,50.0,295660
2021-08-30,48.5,52.5,48.150001525878906,52.400001525878906,263580
2021-08-31,49.04999923706055,50.0,47.849998474121094,48.599998474121094,257240
2021-09-01,49.849998474121094,50.59000015258789,49.150001525878906,49.650001525878906,411740
2021-09-02,52.0,53.599998474121094,50.54999923706055,50.70000076293945,362500
2021-09-03,52.0,52.82500076293945,51.599998474121094,52.0,193600
2021-09-07,52.150001525878906,53.54999923706055,51.95000076293945,52.75,235760
2021-09-08,50.349998474121094,52.099998474121094,49.25,51.849998474121094,209080
2021-09-09,48.79999923706055,51.04999923706055,48.70000076293945,49.54999923706055,376200
2021-09-10,49.650001525878906,51.0,48.150001525878906,49.29999923706055,235800
2021-09-13,47.900001525878906,50.20000076293945,47.849998474121094,50.20000076293945,225840
2021-09-14,47.099998474121094,49.599998474121094,46.849998474121094,48.400001525878906,240140
2021-09-15,47.5,48.20000076293945,46.400001525878906,46.849998474121094,210020
2021-09-16,48.5,49.04999923706055,46.59000015258789,47.54999923706055,386880
2021-09-17,47.79999923706055,49.275001525878906,47.125,48.70000076293945,1489240
2021-09-20,43.75,47.5,42.70000076293945,46.79999923706055,330620
2021-09-21,43.900001525878906,44.70000076293945,43.349998474121094,44.29999923706055,120680
2021-09-22,43.45000076293945,45.650001525878906,43.400001525878906,43.900001525878906,242500
2021-09-23,43.70000076293945,44.0,42.099998474121094,44.0,307800
2021-09-24,43.25,44.45000076293945,42.95000076293945,43.0,144500
2021-09-27,42.849998474121094,43.75,41.5,43.0,231900
2021-09-28,40.099998474121094,42.525001525878906,39.92499923706055,42.0,386120
2021-09-29,39.29999923706055,41.0,39.20000076293945,40.650001525878906,246640
2021-09-30,39.70000076293945,40.54999923706055,39.29999923706055,39.70000076293945,203780
2021-10-01,38.95000076293945,41.099998474121094,38.70000076293945,40.150001525878906,209320
2021-10-04,38.099998474121094,38.900001525878906,37.224998474121094,38.79999923706055,198200
2021-10-05,38.54999923706055,39.45000076293945,38.150001525878906,38.75,174260
2021-10-06,37.900001525878906,38.45000076293945,37.29999923706055,37.5,112360
2021-10-07,37.79999923706055,38.849998474121094,37.54999923706055,38.599998474121094,178760
2021-10-08,36.849998474121094,38.224998474121094,36.32500076293945,37.900001525878906,226220
2021-10-11,36.599998474121094,37.5,36.25,36.849998474121094,143560
2021-10-12,37.400001525878906,38.04999923706055,36.75,36.849998474121094,118760
2021-10-13,39.20000076293945,39.25,37.400001525878906,37.54999923706055,114360
2021-10-14,39.099998474121094,40.29999923706055,38.95000076293945,39.95000076293945,124080
2021-10-15,38.349998474121094,39.70000076293945,38.29999923706055,39.70000076293945,100660
2021-10-18,37.45000076293945,39.17499923706055,37.349998474121094,38.70000076293945,100500
2021-10-19,38.650001525878906,38.79999923706055,37.45000076293945,37.5,97420
2021-10-20,38.900001525878906,39.57500076293945,38.29999923706055,38.349998474121094,109400
2021-10-21,39.5,40.45000076293945,38.900001525878906,39.099998474121094,133260
2021-10-22,38.099998474121094,39.42499923706055,37.375,38.95000076293945,229340
2021-10-25,40.45000076293945,40.79999923706055,37.95000076293945,37.95000076293945,179900
2021-10-26,39.900001525878906,41.900001525878906,39.650001525878906,40.70000076293945,222480
2021-10-27,38.599998474121094,40.25,38.54999923706055,39.54999923706055,117980
2021-10-28,39.900001525878906,40.775001525878906,38.900001525878906,39.099998474121094,185100
2021-10-29,38.79999923706055,39.875,38.474998474121094,39.400001525878906,193900
2021-11-01,41.5,41.54999923706055,39.25,39.25,194840
2021-11-02,40.70000076293945,41.599998474121094,39.849998474121094,40.79999923706055,164780
2021-11-03,41.95000076293945,42.125,40.400001525878906,40.5,142780
2021-11-04,41.29999923706055,43.209999084472656,41.20000076293945,42.5,146060
2021-11-05,41.0,41.95000076293945,40.54999923706055,41.45000076293945,128660
2021-11-08,43.45000076293945,43.75,41.150001525878906,41.150001525878906,247360
2021-11-09,41.20000076293945,45.70000076293945,40.95000076293945,44.79999923706055,389080
2021-11-10,40.400001525878906,41.45000076293945,39.25,40.70000076293945,219580
2021-11-11,41.599998474121094,43.099998474121094,38.75,40.400001525878906,252360
2021-11-12,43.5,43.900001525878906,41.54999923706055,41.95000076293945,198100
2021-11-15,45.0,45.04999923706055,43.400001525878906,44.25,432860
2021-11-16,44.5,45.54999923706055,43.650001525878906,44.29999923706055,257540
2021-11-17,43.599998474121094,44.25,43.1349983215332,44.04999923706055,151580
2021-11-18,41.70000076293945,43.625,40.349998474121094,43.5,396780
2021-11-19,44.20000076293945,46.150001525878906,41.45000076293945,41.45000076293945,784760
2021-11-22,50.5,51.650001525878906,45.474998474121094,45.474998474121094,1636220
2021-11-23,48.0,52.400001525878906,46.650001525878906,50.45000076293945,595320
2021-11-24,49.54999923706055,49.599998474121094,45.349998474121094,46.45000076293945,342660
2021-11-26,48.75,49.345001220703125,47.5,48.0,193720
2021-11-29,49.849998474121094,51.900001525878906,49.04999923706055,49.54999923706055,439520
2021-11-30,49.75,50.70000076293945,46.79999923706055,49.5,785480
2021-12-01,49.20000076293945,53.75,48.79999923706055,50.82500076293945,470820
2021-12-02,45.900001525878906,50.25,43.20000076293945,49.0,950600
2021-12-03,45.400001525878906,46.5,42.849998474121094,46.20000076293945,511500
2021-12-06,41.70000076293945,44.95000076293945,41.099998474121094,44.79999923706055,587380
2021-12-07,47.20000076293945,47.79999923706055,43.04999923706055,43.54999923706055,420120
2021-12-08,48.54999923706055,49.650001525878906,46.099998474121094,47.29999923706055,256400
2021-12-09,46.599998474121094,48.54999923706055,46.29999923706055,48.5,192580
2021-12-10,44.95000076293945,46.79999923706055,44.42499923706055,46.20000076293945,258040
2021-12-13,44.400001525878906,46.5,43.90999984741211,45.0,316040
2021-12-14,43.70000076293945,45.70000076293945,42.54999923706055,43.599998474121094,315440
2021-12-15,44.75,45.0,41.150001525878906,43.79999923706055,351040
2021-12-16,42.5,46.0,41.54999923706055,43.54999923706055,422800
2021-12-17,41.849998474121094,43.599998474121094,40.70000076293945,41.900001525878906,1428580
2021-12-20,39.70000076293945,41.29999923706055,38.79999923706055,40.599998474121094,343200
2021-12-21,40.54999923706055,41.20000076293945,40.0,40.0,247920
2021-12-22,40.650001525878906,40.92499923706055,39.349998474121094,40.625,237240
2021-12-23,41.849998474121094,42.099998474121094,39.599998474121094,40.0,266820
2021-12-27,42.25,43.150001525878906,41.25,41.5,191060
2021-12-28,40.75,42.349998474121094,40.5,42.20000076293945,206320
2021-12-29,38.900001525878906,40.900001525878906,38.70000076293945,40.45000076293945,254020
2021-12-30,39.20000076293945,40.099998474121094,38.400001525878906,38.75,313700
2021-12-31,37.79999923706055,39.400001525878906,37.75,38.95000076293945,340580
2022-01-03,39.650001525878906,39.875,38.5,38.70000076293945,181120
2022-01-04,38.29999923706055,40.349998474121094,37.95000076293945,40.29999923706055,142980
2022-01-05,34.95000076293945,38.599998474121094,34.650001525878906,37.79999923706055,297100
2022-01-06,33.650001525878906,35.20000076293945,32.849998474121094,34.67499923706055,329840
2022-01-07,33.349998474121094,34.5,32.75,34.0,261580
2022-01-10,31.75,32.900001525878906,31.075000762939453,32.75,266140
2022-01-11,32.79999923706055,32.875,31.350000381469727,31.549999237060547,208900
2022-01-12,32.29999923706055,34.025001525878906,32.224998474121094,33.25,246280
2022-01-13,29.299999237060547,32.29999923706055,29.25,32.25,366560
2022-01-14,28.5,29.5,27.549999237060547,28.399999618530273,224320
2022-01-18,26.200000762939453,28.0,26.174999237060547,27.649999618530273,300480
2022-01-19,25.049999237060547,27.100000381469727,25.0,26.700000762939453,255720
2022-01-20,24.899999618530273,26.850000381469727,24.799999237060547,25.475000381469727,265060
2022-01-21,23.649999618530273,25.024999618530273,23.575000762939453,24.399999618530273,290660
2022-01-24,24.350000381469727,24.450000762939453,21.850000381469727,22.850000381469727,599920
2022-01-25,24.0,24.774999618530273,23.5,23.799999237060547,302700
2022-01-26,24.100000381469727,25.950000762939453,23.674999237060547,24.799999237060547,250060
2022-01-27,23.0,24.799999237060547,22.700000762939453,24.700000762939453,260440
2022-01-28,23.850000381469727,23.899999618530273,22.049999237060547,22.950000762939453,317660
2022-01-31,26.149999618530273,26.475000381469727,24.0,24.0,348320
2022-02-01,27.200000762939453,27.25,25.75,26.549999237060547,285880
2022-02-02,26.399999618530273,27.895000457763672,25.625,27.649999618530273,279420
2022-02-03,25.350000381469727,26.350000381469727,25.049999237060547,25.450000762939453,187280
2022-02-04,26.200000762939453,26.450000762939453,24.950000762939453,25.350000381469727,167140
2022-02-07,26.600000381469727,27.399999618530273,26.024999618530273,26.399999618530273,172380
2022-02-08,27.049999237060547,27.399999618530273,26.524999618530273,27.0,190220
2022-02-09,28.0,28.0,26.799999237060547,27.399999618530273,179180
2022-02-10,26.450000762939453,28.399999618530273,26.299999237060547,27.350000381469727,380920
2022-02-11,25.649999618530273,27.200000762939453,25.350000381469727,26.5,178000
2022-02-14,25.549999237060547,26.825000762939453,25.350000381469727,25.75,139620
2022-02-15,26.399999618530273,27.100000381469727,25.850000381469727,26.299999237060547,627700
2022-02-16,25.149999618530273,26.399999618530273,25.075000762939453,26.149999618530273,639440
2022-02-17,24.100000381469727,25.450000762939453,24.024999618530273,25.0,238840
2022-02-18,23.450000762939453,24.549999237060547,23.25,23.899999618530273,238580
2022-02-22,22.100000381469727,23.75,22.100000381469727,22.850000381469727,318800
2022-02-23,21.25,22.700000762939453,21.25,22.5,268940
2022-02-24,21.350000381469727,21.424999237060547,19.25,20.0,533800
2022-02-25,19.850000381469727,22.149999618530273,19.350000381469727,21.200000762939453,507340
2022-02-28,21.0,21.524999618530273,19.899999618530273,20.0,483280
2022-03-01,21.049999237060547,21.700000762939453,20.454999923706055,21.049999237060547,407300
2022-03-02,20.350000381469727,21.049999237060547,20.024999618530273,21.049999237060547,301640
2022-03-03,19.0,20.75,18.950000762939453,20.399999618530273,290300
2022-03-04,17.5,19.149999618530273,17.450000762939453,18.899999618530273,285900
2022-03-07,17.350000381469727,17.899999618530273,16.850000381469727,17.450000762939453,327940
2022-03-08,18.049999237060547,18.625,16.299999237060547,17.200000762939453,332280
2022-03-09,20.200000762939453,20.375,18.5,18.5,349960
2022-03-10,20.5,20.625,19.450000762939453,19.950000762939453,203200
2022-03-11,19.399999618530273,20.649999618530273,19.25,20.5,226580
2022-03-14,17.950000762939453,19.149999618530273,17.799999237060547,19.149999618530273,195260
2022-03-15,18.649999618530273,18.649999618530273,17.399999618530273,17.75,214700
2022-03-16,20.799999237060547,20.799999237060547,18.975000381469727,19.299999237060547,280740
2022-03-17,22.5,22.950000762939453,20.25,20.600000381469727,312500
2022-03-18,23.049999237060547,23.575000762939453,22.0,22.399999618530273,298080
2022-03-21,22.0,23.549999237060547,21.850000381469727,23.049999237060547,238220
2022-03-22,22.549999237060547,22.899999618530273,21.850000381469727,22.0,180040
2022-03-23,21.399999618530273,22.5,21.350000381469727,22.25,143080
2022-03-24,21.899999618530273,22.0,21.25,21.25,140460
2022-03-25,21.5,22.0,21.25,22.0,130040
2022-03-28,21.25,21.600000381469727,20.514999389648438,21.399999618530273,114940
2022-03-29,22.850000381469727,23.100000381469727,21.5,21.5,146500
2022-03-30,22.25,23.149999618530273,22.125,22.75,98340
2022-03-31,21.649999618530273,22.5,21.450000762939453,22.200000762939453,165840
2022-04-01,20.549999237060547,21.75,20.399999618530273,21.75,274940
2022-04-04,22.0,22.25,20.700000762939453,20.850000381469727,187420
2022-04-05,21.0,22.25,20.799999237060547,22.25,204440
2022-04-06,20.950000762939453,20.950000762939453,20.100000381469727,20.600000381469727,166500
2022-04-07,20.299999237060547,21.149999618530273,19.649999618530273,20.799999237060547,197480
2022-04-08,18.950000762939453,20.149999618530273,18.950000762939453,20.149999618530273,176240
2022-04-11,18.600000381469727,18.959999084472656,18.350000381469727,18.649999618530273,129800
2022-04-12,18.700000762939453,19.65999984741211,18.549999237060547,19.100000381469727,137420
2022-04-13,19.149999618530273,19.350000381469727,18.549999237060547,18.549999237060547,112580
2022-04-14,19.0,20.350000381469727,18.950000762939453,20.25,193980
2022-04-18,18.049999237060547,18.875,17.600000381469727,18.799999237060547,240560
2022-04-19,19.049999237060547,19.25,17.850000381469727,18.100000381469727,192280
2022-04-20,17.899999618530273,19.100000381469727,17.899999618530273,19.100000381469727,148420
2022-04-21,17.200000762939453,18.799999237060547,17.100000381469727,18.399999618530273,241960
2022-04-22,17.149999618530273,17.725000381469727,16.899999618530273,16.950000762939453,223000
2022-04-25,17.899999618530273,18.049999237060547,16.75,16.799999237060547,256540
2022-04-26,17.25,17.895000457763672,17.149999618530273,17.649999618530273,138680
2022-04-27,16.899999618530273,17.674999237060547,16.799999237060547,17.25,181860
2022-04-28,17.149999618530273,17.350000381469727,16.299999237060547,16.899999618530273,180680
2022-04-29,16.399999618530273,18.350000381469727,16.350000381469727,17.149999618530273,285940
2022-05-02,17.299999237060547,17.299999237060547,15.949999809265137,16.399999618530273,362200
2022-05-03,17.350000381469727,17.649999618530273,16.725000381469727,17.299999237060547,302260
2022-05-04,17.700000762939453,17.850000381469727,16.5,17.350000381469727,217160
2022-05-05,17.399999618530273,19.899999618530273,17.100000381469727,19.450000762939453,308580
2022-05-06,15.800000190734863,17.299999237060547,15.699999809265137,17.299999237060547,217440
2022-05-09,14.25,15.59000015258789,14.199999809265137,15.5,251260
2022-05-10,14.350000381469727,14.949999809265137,13.600000381469727,14.649999618530273,195740
2022-05-11,12.850000381469727,14.449999809265137,12.75,14.149999618530273,265460
2022-05-12,13.949999809265137,13.949999809265137,12.324999809265137,12.449999809265137,300100
2022-05-13,15.850000381469727,16.075000762939453,14.25,14.449999809265137,372920
2022-05-16,16.0,16.399999618530273,15.225000381469727,15.850000381469727,336480
2022-05-17,16.899999618530273,17.100000381469727,16.049999237060547,16.549999237060547,203940
2022-05-18,15.899999618530273,17.350000381469727,15.699999809265137,16.549999237060547,157720
2022-05-19,15.949999809265137,16.674999237060547,15.850000381469727,16.0,187460
2022-05-20,15.800000190734863,16.350000381469727,14.949999809265137,16.350000381469727,169460
2022-05-23,14.5,15.800000190734863,14.375,15.75,164960
2022-05-24,13.399999618530273,14.375,13.300000190734863,14.25,167800
2022-05-25,14.100000381469727,14.350000381469727,13.149999618530273,13.149999618530273,136100
2022-05-26,14.600000381469727,15.300000190734863,14.100000381469727,14.149999618530273,191540
2022-05-27,15.800000190734863,15.850000381469727,14.800000190734863,14.850000381469727,161140
2022-05-31,16.25,16.274999618530273,15.5,15.949999809265137,227220
2022-06-01,14.949999809265137,16.200000762939453,14.824999809265137,16.100000381469727,168920
2022-06-02,15.449999809265137,15.850000381469727,14.649999618530273,14.75,159480
2022-06-03,14.949999809265137,15.175000190734863,14.550000190734863,14.949999809265137,129020
2022-06-06,15.5,16.0,15.100000381469727,15.399999618530273,146600
2022-06-07,15.25,15.699999809265137,15.020000457763672,15.350000381469727,156720
2022-06-08,14.800000190734863,15.699999809265137,14.75,15.149999618530273,135180
2022-06-09,14.050000190734863,14.949999809265137,14.050000190734863,14.75,123320
2022-06-10,14.300000190734863,14.595000267028809,13.800000190734863,14.5,212440
2022-06-13,13.399999618530273,14.25,13.324999809265137,14.25,182740
2022-06-14,13.699999809265137,14.100000381469727,13.274999618530273,13.649999618530273,153560
2022-06-15,14.649999618530273,14.850000381469727,13.75,13.800000190734863,231360
2022-06-16,13.5,14.149999618530273,13.25,14.050000190734863,201560
2022-06-17,14.949999809265137,15.25,13.75,13.949999809265137,426920
2022-06-21,15.899999618530273,16.549999237060547,15.5,15.75,238600
2022-06-22,17.049999237060547,17.649999618530273,15.5,15.600000381469727,325380
2022-06-23,17.149999618530273,17.524999618530273,16.809999465942383,17.25,244220
2022-06-24,17.950000762939453,18.0,16.325000762939453,17.5,630700
2022-06-27,17.100000381469727,18.600000381469727,16.149999618530273,18.600000381469727,317380
2022-06-28,16.299999237060547,17.450000762939453,16.25,17.25,157740
2022-06-29,15.050000190734863,16.010000228881836,14.649999618530273,16.0,213540
2022-06-30,15.649999618530273,15.649999618530273,14.675000190734863,15.199999809265137,139400
2022-07-01,15.399999618530273,15.899999618530273,14.800000190734863,15.649999618530273,136620
2022-07-05,16.399999618530273,16.450000762939453,14.475000381469727,14.899999618530273,276860
2022-07-06,16.850000381469727,17.299999237060547,16.075000762939453,16.399999618530273,152460
2022-07-07,17.950000762939453,17.950000762939453,16.850000381469727,16.850000381469727,168260
2022-07-08,18.299999237060547,18.399999618530273,17.280000686645508,17.600000381469727,125540
2022-07-11,16.700000762939453,18.299999237060547,16.649999618530273,18.299999237060547,146060
2022-07-12,16.350000381469727,17.450000762939453,16.299999237060547,16.75,239380
2022-07-13,16.200000762939453,16.75,15.774999618530273,15.949999809265137,246620
2022-07-14,16.200000762939453,16.825000762939453,15.600000381469727,16.049999237060547,249640
2022-07-15,16.25,16.5,15.625,16.5,137120
2022-07-18,15.050000190734863,16.299999237060547,14.649999618530273,16.149999618530273,533620
2022-07-19,17.0,17.100000381469727,15.25,15.399999618530273,332780
2022-07-20,18.850000381469727,19.299999237060547,17.174999237060547,17.200000762939453,355060
2022-07-21,19.049999237060547,19.399999618530273,18.575000762939453,18.950000762939453,247380
2022-07-22,17.600000381469727,19.149999618530273,17.399999618530273,19.0,189280
2022-07-25,16.549999237060547,17.649999618530273,16.354999542236328,17.649999618530273,248320
2022-07-26,15.399999618530273,16.600000381469727,14.975000381469727,16.25,413300
2022-07-27,16.299999237060547,16.399999618530273,15.699999809265137,15.949999809265137,172260
2022-07-28,17.299999237060547,17.350000381469727,16.149999618530273,16.399999618530273,204960
2022-07-29,17.649999618530273,17.700000762939453,16.924999237060547,17.299999237060547,189680
2022-08-01,19.299999237060547,19.600000381469727,17.700000762939453,18.049999237060547,356780
2022-08-02,20.649999618530273,21.049999237060547,18.850000381469727,19.399999618530273,499700
2022-08-03,21.600000381469727,21.600000381469727,20.350000381469727,20.899999618530273,396800
2022-08-04,20.5,22.350000381469727,19.649999618530273,21.25,322380
2022-08-05,23.0,23.0,20.0,20.5,389120
2022-08-08,22.299999237060547,23.200000762939453,21.350000381469727,23.0,477920
2022-08-09,20.549999237060547,22.0,20.024999618530273,21.799999237060547,323960
2022-08-10,21.350000381469727,21.5,20.915000915527344,21.5,358580
2022-08-11,19.950000762939453,22.024999618530273,19.700000762939453,21.75,505200
2022-08-12,20.149999618530273,20.399999618530273,19.350000381469727,20.25,489640
2022-08-15,20.450000762939453,20.5,19.899999618530273,20.25,329880
2022-08-16,19.399999618530273,20.5,19.100000381469727,20.5,503120
2022-08-17,16.799999237060547,19.299999237060547,16.700000762939453,19.200000762939453,535940
2022-08-18,17.149999618530273,17.25,16.674999237060547,17.149999618530273,349620
2022-08-19,15.600000381469727,16.950000762939453,15.5,16.700000762939453,421240
2022-08-22,15.100000381469727,15.75,14.899999618530273,15.5,424040
2022-08-23,15.0,15.824999809265137,14.800000190734863,15.25,416540
2022-08-24,15.0,15.649999618530273,14.699999809265137,14.850000381469727,402040
2022-08-25,14.800000190734863,15.449999809265137,14.399999618530273,15.050000190734863,568680
2022-08-26,13.75,15.199999809265137,13.5,14.899999618530273,545280
2022-08-29,14.350000381469727,14.75,13.649999618530273,13.75,353300
2022-08-30,14.699999809265137,14.949999809265137,14.350000381469727,14.850000381469727,317920
2022-08-31,15.399999618530273,15.600000381469727,14.449999809265137,14.899999618530273,750800
2022-09-01,13.899999618530273,15.550000190734863,13.524999618530273,15.550000190734863,333020
2022-09-02,13.75,14.149999618530273,13.350000381469727,14.149999618530273,307660
2022-09-06,14.100000381469727,14.25,13.300000190734863,13.899999618530273,301240
2022-09-07,14.149999618530273,14.475000381469727,13.850000381469727,14.100000381469727,208900
2022-09-08,13.550000190734863,14.0,13.274999618530273,13.949999809265137,254760
2022-09-09,14.5,14.600000381469727,13.600000381469727,13.899999618530273,300840
2022-09-12,14.5,14.949999809265137,13.850000381469727,14.850000381469727,251140
2022-09-13,13.699999809265137,14.199999809265137,13.600000381469727,13.75,193560
2022-09-14,13.649999618530273,13.850000381469727,13.300000190734863,13.649999618530273,236940
2022-09-15,13.550000190734863,14.550000190734863,13.399999618530273,13.649999618530273,304900
2022-09-16,12.899999618530273,13.300000190734863,12.800000190734863,13.300000190734863,332640
2022-09-19,12.25,12.800000190734863,11.850000381469727,12.600000381469727,472100
2022-09-20,11.550000190734863,12.925000190734863,11.5,12.100000381469727,494060
2022-09-21,11.0,11.994999885559082,11.0,11.75,441440
2022-09-22,10.350000381469727,11.050000190734863,9.899999618530273,11.050000190734863,503940
2022-09-23,10.149999618530273,10.350000381469727,9.649999618530273,10.100000381469727,514980
2022-09-26,9.600000381469727,10.600000381469727,9.399999618530273,10.149999618530273,487100
2022-09-27,10.0,10.5,9.800000190734863,9.949999809265137,330980
2022-09-28,10.5,10.699999809265137,9.699999809265137,10.0,253260
2022-09-29,9.600000381469727,10.75,9.449999809265137,10.300000190734863,304240
2022-09-30,9.350000381469727,9.699999809265137,9.25,9.550000190734863,366880
2022-10-03,10.100000381469727,10.225000381469727,9.300000190734863,9.550000190734863,449860
2022-10-04,10.949999809265137,11.350000381469727,10.649999618530273,10.649999618530273,466000
2022-10-05,10.550000190734863,10.850000381469727,10.125,10.699999809265137,214000
2022-10-06,10.850000381469727,11.050000190734863,10.550000190734863,10.550000190734863,201300
2022-10-07,10.300000190734863,10.949999809265137,10.024999618530273,10.75,181180
2022-10-10,9.800000190734863,10.5,9.5,10.399999618530273,204460
2022-10-11,9.75,10.175000190734863,9.25,9.75,243740
2022-10-12,9.550000190734863,9.949999809265137,9.350000381469727,9.699999809265137,255700
2022-10-13,9.800000190734863,9.925000190734863,8.75,9.25,238940
2022-10-14,9.25,10.199999809265137,9.149999618530273,10.0,262060
2022-10-17,10.199999809265137,10.199999809265137,9.449999809265137,9.550000190734863,213020
2022-10-18,10.149999618530273,10.875,9.800000190734863,10.550000190734863,199540
2022-10-19,9.550000190734863,10.0,9.399999618530273,9.949999809265137,191080
2022-10-20,9.699999809265137,10.050000190734863,9.449999809265137,9.5,139660
2022-10-21,9.949999809265137,10.0,9.364999771118164,9.75,155820
2022-10-24,9.399999618530273,10.149999618530273,9.300000190734863,9.949999809265137,229900
2022-10-25,10.600000381469727,10.600000381469727,9.350000381469727,9.399999618530273,294700
2022-10-26,10.149999618530273,10.800000190734863,10.100000381469727,10.399999618530273,258000
2022-10-27,9.899999618530273,10.550000190734863,9.850000381469727,10.449999809265137,153760
2022-10-28,9.800000190734863,9.899999618530273,9.425000190734863,9.850000381469727,249480
2022-10-31,10.0,10.100000381469727,9.625,10.0,299320
2022-11-01,9.449999809265137,10.399999618530273,9.350000381469727,10.399999618530273,172580
2022-11-02,8.850000381469727,9.600000381469727,8.800000190734863,9.350000381469727,354380
2022-11-03,8.850000381469727,9.274999618530273,8.760000228881836,8.850000381469727,208420
2022-11-04,9.0,9.175000190734863,8.600000381469727,9.149999618530273,196500
2022-11-07,9.300000190734863,9.449999809265137,8.949999809265137,9.300000190734863,186760
2022-11-08,9.0,9.399999618530273,8.800000190734863,9.399999618530273,194760
2022-11-09,8.050000190734863,8.899999618530273,7.800000190734863,8.75,459820
2022-11-10,9.0,9.0,8.125,8.25,335420
2022-11-11,10.100000381469727,10.375,9.0,9.0,416820
2022-11-14,10.100000381469727,10.399999618530273,9.75,10.100000381469727,316580
2022-11-15,11.399999618530273,11.925000190734863,10.399999618530273,10.399999618530273,538080
2022-11-16,9.550000190734863,11.300000190734863,9.399999618530273,11.199999809265137,332160
2022-11-17,9.050000190734863,9.5,9.0,9.5,250860
2022-11-18,8.600000381469727,9.699999809265137,8.5,9.699999809265137,350480
2022-11-21,8.149999618530273,8.600000381469727,8.0,8.550000190734863,337420
2022-11-22,7.900000095367432,8.199999809265137,7.75,8.149999618530273,293480
2022-11-23,8.100000381469727,8.199999809265137,7.800000190734863,8.0,178460
2022-11-25,7.849999904632568,8.0,7.699999809265137,7.949999809265137,140820
2022-11-28,7.449999809265137,7.900000095367432,7.300000190734863,7.900000095367432,350820
2022-11-29,8.300000190734863,8.649999618530273,7.474999904632568,7.5,490560
2022-11-30,8.399999618530273,8.550000190734863,7.849999904632568,8.350000381469727,311040
2022-12-01,8.449999809265137,8.899999618530273,8.274999618530273,8.449999809265137,233640
2022-12-02,8.800000190734863,8.875,8.100000381469727,8.25,184480
2022-12-05,8.800000190734863,8.895000457763672,8.5,8.850000381469727,224300
2022-12-06,7.949999809265137,8.899999618530273,7.900000095367432,8.899999618530273,244640
2022-12-07,7.5,7.949999809265137,7.449999809265137,7.849999904632568,196620
2022-12-08,7.650000095367432,7.824999809265137,7.400000095367432,7.599999904632568,192920
2022-12-09,7.650000095367432,7.849999904632568,7.5,7.599999904632568,219000
2022-12-12,7.800000190734863,7.849999904632568,7.550000190734863,7.75,269460
2022-12-13,7.699999809265137,8.550000190734863,7.650000095367432,8.149999618530273,285780
2022-12-14,7.699999809265137,7.849999904632568,7.5,7.599999904632568,400060
2022-12-15,7.650000095367432,7.900000095367432,7.550000190734863,7.550000190734863,343020
2022-12-16,7.400000095367432,7.699999809265137,7.349999904632568,7.650000095367432,506560
2022-12-19,7.099999904632568,7.449999809265137,6.949999809265137,7.449999809265137,430120
2022-12-20,7.099999904632568,7.474999904632568,7.074999809265137,7.099999904632568,288040
2022-12-21,7.0,7.300000190734863,6.949999809265137,7.050000190734863,176800
2022-12-22,6.550000190734863,6.974999904632568,6.375,6.949999809265137,320320
2022-12-23,6.349999904632568,6.550000190734863,6.0,6.449999809265137,244500
2022-12-27,6.099999904632568,6.349999904632568,6.050000190734863,6.25,246120
2022-12-28,6.199999809265137,6.449999809265137,6.0,6.0,208500
2022-12-29,6.699999809265137,6.894999980926514,6.300000190734863,6.550000190734863,238300
2022-12-30,6.800000190734863,6.900000095367432,6.5,6.5,304040
2023-01-03,6.400000095367432,7.099999904632568,6.25,6.900000095367432,199880
2023-01-04,6.400000095367432,6.550000190734863,6.099999904632568,6.349999904632568,158600
2023-01-05,5.949999809265137,6.400000095367432,5.849999904632568,6.349999904632568,308420
2023-01-06,6.349999904632568,6.400000095367432,5.949999809265137,6.0,306340
2023-01-09,6.900000095367432,7.050000190734863,6.449999809265137,6.599999904632568,191880
2023-01-10,7.25,7.400000095367432,6.699999809265137,7.050000190734863,240400
2023-01-11,7.650000095367432,8.024999618530273,7.099999904632568,7.400000095367432,473220
2023-01-12,8.350000381469727,8.5,7.550000190734863,7.650000095367432,371860
2023-01-13,8.449999809265137,8.449999809265137,8.050000190734863,8.25,226500
2023-01-17,8.550000190734863,8.75,8.399999618530273,8.5,213920
2023-01-18,8.449999809265137,8.975000381469727,8.225000381469727,8.75,242240
2023-01-19,7.949999809265137,8.25,7.699999809265137,8.149999618530273,195060
2023-01-20,8.25,8.350000381469727,7.800000190734863,8.050000190734863,166600
2023-01-23,8.600000381469727,8.649999618530273,8.024999618530273,8.199999809265137,218400
2023-01-24,8.0,8.75,8.0,8.75,192180
2023-01-25,8.300000190734863,8.350000381469727,7.65500020980835,8.100000381469727,253960
2023-01-26,8.350000381469727,8.725000381469727,7.949999809265137,8.600000381469727,137500
2023-01-27,8.5,8.725000381469727,8.050000190734863,8.100000381469727,176940
2023-01-30,8.050000190734863,8.449999809265137,8.0,8.25,191240
2023-01-31,8.449999809265137,8.800000190734863,8.074999809265137,8.149999618530273,355900
2023-02-01,9.550000190734863,9.699999809265137,8.399999618530273,8.399999618530273,312940
2023-02-02,10.0,10.5,9.600000381469727,10.0,404680
2023-02-03,9.550000190734863,10.149999618530273,9.40999984741211,9.949999809265137,241680
2023-02-06,9.699999809265137,10.199999809265137,9.350000381469727,9.350000381469727,226200
2023-02-07,9.649999618530273,9.949999809265137,9.199999809265137,9.899999618530273,223000
2023-02-08,9.550000190734863,10.149999618530273,9.449999809265137,9.75,169140
2023-02-09,8.649999618530273,9.850000381469727,8.550000190734863,9.800000190734863,210280
2023-02-10,8.699999809265137,8.75,8.274999618530273,8.399999618530273,129340
2023-02-13,8.25,8.75,8.100000381469727,8.75,216900
2023-02-14,8.399999618530273,8.649999618530273,8.0,8.149999618530273,187860
2023-02-15,9.050000190734863,9.050000190734863,8.25,8.25,147420
2023-02-16,8.550000190734863,9.149999618530273,8.449999809265137,8.850000381469727,172240
2023-02-17,8.649999618530273,8.75,8.324999809265137,8.5,144440
2023-02-21,8.350000381469727,8.925000190734863,8.300000190734863,8.550000190734863,281580
2023-02-22,8.449999809265137,8.744999885559082,8.149999618530273,8.399999618530273,351080
2023-02-23,8.199999809265137,8.949999809265137,8.0,8.550000190734863,158920
2023-02-24,7.949999809265137,8.100000381469727,7.550000190734863,8.0,266120
2023-02-27,8.199999809265137,8.350000381469727,7.849999904632568,7.849999904632568,163800
2023-02-28,8.949999809265137,9.100000381469727,8.149999618530273,8.25,266920
2023-03-01,8.899999618530273,9.774999618530273,8.704999923706055,9.25,318240
2023-03-02,8.75,9.050000190734863,8.600000381469727,8.800000190734863,164100
2023-03-03,9.600000381469727,9.699999809265137,8.800000190734863,8.800000190734863,206880
2023-03-06,8.800000190734863,10.0,8.75,9.699999809265137,239220
2023-03-07,8.100000381469727,9.050000190734863,8.100000381469727,9.050000190734863,189940
2023-03-08,8.5,8.595000267028809,7.849999904632568,8.100000381469727,219900
2023-03-09,8.100000381469727,8.550000190734863,8.050000190734863,8.300000190734863,150460
2023-03-10,7.900000095367432,8.449999809265137,7.849999904632568,8.199999809265137,195680
2023-03-13,8.5,8.675000190734863,7.599999904632568,7.75,291340
2023-03-14,8.300000190734863,9.050000190734863,8.100000381469727,8.800000190734863,221360
2023-03-15,8.100000381469727,8.25,7.75,8.0,346940
2023-03-16,8.149999618530273,8.350000381469727,7.800000190734863,7.900000095367432,273220
2023-03-17,8.199999809265137,8.25,7.900000095367432,8.199999809265137,324700
2023-03-20,7.349999904632568,8.175000190734863,7.300000190734863,8.149999618530273,335940
2023-03-21,7.699999809265137,7.849999904632568,7.400000095367432,7.5,254840
2023-03-22,7.050000190734863,7.800000190734863,6.925000190734863,7.800000190734863,306880
2023-03-23,7.099999904632568,7.59499979019165,6.75,7.099999904632568,375220
2023-03-24,5.900000095367432,7.050000190734863,5.849999904632568,7.050000190734863,636800
2023-03-27,5.650000095367432,6.150000095367432,5.550000190734863,6.150000095367432,418820
2023-03-28,5.699999809265137,5.800000190734863,5.449999809265137,5.550000190734863,277000
2023-03-29,5.699999809265137,5.849999904632568,5.400000095367432,5.849999904632568,302800
2023-03-30,5.599999904632568,6.099999904632568,5.599999904632568,5.800000190734863,187820
2023-03-31,5.949999809265137,6.0,5.550000190734863,5.550000190734863,181180
2023-04-03,5.800000190734863,6.0,5.599999904632568,5.949999809265137,176840
2023-04-04,5.400000095367432,5.849999904632568,5.349999904632568,5.849999904632568,191940
2023-04-05,5.099999904632568,5.599999904632568,5.050000190734863,5.599999904632568,206000
2023-04-06,5.199999809265137,5.25,5.0,5.099999904632568,152320
2023-04-10,5.099999904632568,5.25,5.0,5.199999809265137,180740
2023-04-11,5.099999904632568,5.449999809265137,5.050000190734863,5.150000095367432,163820
2023-04-12,4.599999904632568,5.449999809265137,4.585000038146973,5.199999809265137,544840
2023-04-13,5.650000095367432,5.849999904632568,4.610000133514404,4.650000095367432,403400
2023-04-14,5.25,5.65500020980835,5.150000095367432,5.650000095367432,190180
2023-04-17,5.400000095367432,5.5,5.199999809265137,5.400000095367432,150820
2023-04-18,5.300000190734863,5.650000095367432,5.275000095367432,5.550000190734863,165460
2023-04-19,5.099999904632568,5.449999809265137,5.050000190734863,5.300000190734863,148600
2023-04-20,4.949999809265137,5.199999809265137,4.909999847412109,5.099999904632568,163060
2023-04-21,5.099999904632568,5.175000190734863,4.829999923706055,4.954999923706055,126780
2023-04-24,4.739999771118164,5.050000190734863,4.664999961853027,4.945000171661377,178420
2023-04-25,4.625,4.699999809265137,4.510000228881836,4.650000095367432,148180
2023-04-26,4.864999771118164,5.050000190734863,4.650000095367432,4.659999847412109,121360
2023-04-27,5.099999904632568,5.150000095367432,4.75,4.849999904632568,161320
2023-04-28,4.960000038146973,5.199999809265137,4.849999904632568,5.199999809265137,173020
2023-05-01,4.710000038146973,5.150000095367432,4.610000133514404,5.0,126380
2023-05-02,4.514999866485596,4.75,4.449999809265137,4.650000095367432,220780
2023-05-03,5.050000190734863,5.25,4.5,4.5,270020
2023-05-04,5.099999904632568,5.199999809265137,5.0,5.0,94060
2023-05-05,5.400000095367432,5.5,5.099999904632568,5.150000095367432,130680
2023-05-08,6.099999904632568,6.300000190734863,5.800000190734863,6.300000190734863,335980
2023-05-09,5.75,6.050000190734863,5.5,6.050000190734863,166780
2023-05-10,5.5,6.050000190734863,5.449999809265137,5.599999904632568,212440
2023-05-11,5.199999809265137,5.900000095367432,5.125,5.900000095367432,190520
2023-05-12,4.889999866485596,5.5,4.800000190734863,5.150000095367432,340180
2023-05-15,5.5,5.5,4.974999904632568,4.974999904632568,121760
2023-05-16,5.099999904632568,5.550000190734863,5.050000190734863,5.349999904632568,124360
2023-05-17,5.449999809265137,5.525000095367432,5.050000190734863,5.199999809265137,195060
2023-05-18,5.5,5.599999904632568,5.199999809265137,5.25,174440
2023-05-19,4.849999904632568,5.550000190734863,4.800000190734863,5.550000190734863,513020
2023-05-22,5.449999809265137,5.449999809265137,4.800000190734863,4.849999904632568,339240
2023-05-23,5.550000190734863,5.849999904632568,5.40500020980835,5.449999809265137,210600
2023-05-24,5.349999904632568,5.5,5.25,5.400000095367432,131980
2023-05-25,5.5,5.550000190734863,5.300000190734863,5.400000095367432,113000
2023-05-26,5.75,5.75,5.400000095367432,5.400000095367432,184600
2023-05-30,6.199999809265137,6.400000095367432,5.849999904632568,5.949999809265137,236640
2023-05-31,6.0,6.25,5.75,6.150000095367432,635040
2023-06-01,6.550000190734863,6.699999809265137,6.0,6.0,197660
2023-06-02,7.050000190734863,7.050000190734863,6.550000190734863,6.699999809265137,218500
2023-06-05,6.699999809265137,7.050000190734863,6.550000190734863,7.050000190734863,188240
2023-06-06,7.150000095367432,7.525000095367432,6.550000190734863,6.550000190734863,219180
2023-06-07,7.0,7.599999904632568,6.800000190734863,7.349999904632568,186960
2023-06-08,6.949999809265137,7.175000190734863,6.755000114440918,7.0,138820
2023-06-09,6.949999809265137,7.400000095367432,6.800000190734863,7.0,123740
2023-06-12,6.900000095367432,7.25,6.800000190734863,7.150000095367432,199660
2023-06-13,7.349999904632568,7.5,6.949999809265137,7.0,257160
2023-06-14,6.949999809265137,7.550000190734863,6.75,7.400000095367432,189140
2023-06-15,7.400000095367432,7.400000095367432,6.599999904632568,6.900000095367432,235900
2023-06-16,6.599999904632568,7.550000190734863,6.574999809265137,7.5,302780
2023-06-20,6.25,6.699999809265137,6.050000190734863,6.699999809265137,215960
2023-06-21,5.900000095367432,6.25,5.800000190734863,6.150000095367432,210540
2023-06-22,5.699999809265137,6.050000190734863,5.699999809265137,5.800000190734863,173580
2023-06-23,5.900000095367432,5.949999809265137,5.550000190734863,5.699999809265137,555340
2023-06-26,6.050000190734863,6.125,5.699999809265137,5.849999904632568,229020
2023-06-27,6.099999904632568,6.300000190734863,5.75,6.300000190734863,171120
2023-06-28,5.900000095367432,6.150000095367432,5.800000190734863,6.050000190734863,132180
2023-06-29,6.349999904632568,6.349999904632568,5.75,5.800000190734863,127500
2023-06-30,6.25,6.599999904632568,6.150000095367432,6.25,238980
2023-07-03,5.949999809265137,6.449999809265137,5.900000095367432,6.150000095367432,142240
2023-07-05,5.75,6.150000095367432,5.599999904632568,6.099999904632568,176760
2023-07-06,5.800000190734863,5.800000190734863,5.25,5.699999809265137,401080
2023-07-07,6.099999904632568,6.199999809265137,5.75,5.849999904632568,118520
2023-07-10,6.650000095367432,6.699999809265137,6.050000190734863,6.199999809265137,142580
2023-07-11,6.849999904632568,7.0,6.675000190734863,6.699999809265137,134840
2023-07-12,6.75,7.150000095367432,6.675000190734863,7.150000095367432,135260
2023-07-13,6.900000095367432,7.150000095367432,6.599999904632568,6.599999904632568,144980
2023-07-14,6.449999809265137,6.949999809265137,6.349999904632568,6.949999809265137,137660
2023-07-17,6.650000095367432,6.849999904632568,6.349999904632568,6.449999809265137,106700
2023-07-18,6.75,6.900000095367432,6.599999904632568,6.699999809265137,97080
2023-07-19,6.449999809265137,6.900000095367432,6.400000095367432,6.75,131380
2023-07-20,6.099999904632568,6.5,6.050000190734863,6.5,117260
2023-07-21,6.300000190734863,6.400000095367432,5.949999809265137,6.150000095367432,134300
2023-07-24,6.300000190734863,6.425000190734863,6.199999809265137,6.25,94400
2023-07-25,6.0,6.375,5.949999809265137,6.25,148960
2023-07-26,6.199999809265137,6.474999904632568,5.900000095367432,5.949999809265137,100340
2023-07-27,5.900000095367432,6.449999809265137,5.800000190734863,6.349999904632568,120920
2023-07-28,6.099999904632568,6.199999809265137,5.900000095367432,5.900000095367432,109120
2023-07-31,6.25,6.324999809265137,6.0,6.0,160700
2023-08-01,6.199999809265137,6.300000190734863,5.900000095367432,6.25,183960
2023-08-02,5.800000190734863,6.125,5.800000190734863,6.099999904632568,176940
2023-08-03,5.599999904632568,6.0,5.599999904632568,5.599999904632568,186780
2023-08-04,5.800000190734863,5.949999809265137,5.550000190734863,5.650000095367432,530620
2023-08-07,5.699999809265137,5.949999809265137,5.5,5.949999809265137,157120
2023-08-08,5.5,5.599999904632568,5.349999904632568,5.550000190734863,150280
2023-08-09,5.050000190734863,5.699999809265137,5.0,5.5,269780
2023-08-10,5.25,5.400000095367432,5.050000190734863,5.199999809265137,182320
2023-08-11,5.400000095367432,5.5,5.150000095367432,5.25,97220
2023-08-14,5.099999904632568,5.400000095367432,5.099999904632568,5.349999904632568,119840
2023-08-15,5.099999904632568,5.244999885559082,5.0,5.099999904632568,131420
2023-08-16,5.349999904632568,5.599999904632568,5.0,5.0,333320
2023-08-17,5.099999904632568,5.5,5.099999904632568,5.5,309960
2023-08-18,5.099999904632568,5.349999904632568,5.050000190734863,5.099999904632568,140560
2023-08-21,4.940000057220459,5.150000095367432,4.855000019073486,5.099999904632568,269800
2023-08-22,4.945000171661377,5.050000190734863,4.900000095367432,4.949999809265137,110820
2023-08-23,5.199999809265137,5.25,4.949999809265137,4.974999904632568,136220
2023-08-24,4.96999979019165,5.25,4.96999979019165,5.25,107200
2023-08-25,4.989999771118164,5.099999904632568,4.900000095367432,4.949999809265137,114880
2023-08-28,5.050000190734863,5.150000095367432,5.0,5.150000095367432,93660
2023-08-29,5.150000095367432,5.199999809265137,5.0,5.099999904632568,90520
2023-08-30,5.099999904632568,5.199999809265137,5.050000190734863,5.150000095367432,84200
2023-08-31,4.715000152587891,5.199999809265137,4.675000190734863,5.150000095367432,343940
2023-09-01,4.949999809265137,5.025000095367432,4.690000057220459,4.840000152587891,237480
2023-09-05,5.400000095367432,5.400000095367432,4.965000152587891,5.0,198540
2023-09-06,5.099999904632568,5.400000095367432,5.050000190734863,5.349999904632568,85140
2023-09-07,4.775000095367432,5.050000190734863,4.675000190734863,5.0,205380
2023-09-08,4.684999942779541,4.875,4.574999809265137,4.75,147300
2023-09-11,4.599999904632568,4.900000095367432,4.534999847412109,4.71999979019165,284420
2023-09-12,4.630000114440918,4.880000114440918,4.554999828338623,4.75,204560
2023-09-13,4.400000095367432,4.735000133514404,4.400000095367432,4.625,191480
2023-09-14,4.46999979019165,4.599999904632568,4.364999771118164,4.400000095367432,120080
2023-09-15,4.264999866485596,4.5,4.264999866485596,4.5,309620
2023-09-18,4.255000114440918,4.409999847412109,4.199999809265137,4.300000190734863,141080
2023-09-19,4.164999961853027,4.255000114440918,4.065000057220459,4.199999809265137,108440
2023-09-20,3.9749999046325684,4.25,3.9549999237060547,4.25,165940
2023-09-21,3.8550000190734863,4.014999866485596,3.799999952316284,3.950000047683716,137000
2023-09-22,3.7899999618530273,3.9100000858306885,3.734999895095825,3.880000114440918,114800
2023-09-25,3.625,3.7799999713897705,3.505000114440918,3.674999952316284,190820
2023-09-26,3.5850000381469727,3.740000009536743,3.5350000858306885,3.5350000858306885,160240
2023-09-27,3.694999933242798,3.799999952316284,3.5799999237060547,3.5799999237060547,92460
2023-09-28,3.7899999618530273,3.8499999046325684,3.694999933242798,3.799999952316284,238420
2023-09-29,3.825000047683716,4.039999961853027,3.799999952316284,3.9049999713897705,108940
2023-10-02,3.619999885559082,3.940000057220459,3.6050000190734863,3.8499999046325684,194600
2023-10-03,3.3499999046325684,3.5950000286102295,3.3499999046325684,3.5850000381469727,221220
2023-10-04,3.6500000953674316,3.700000047683716,3.3499999046325684,3.3499999046325684,215940
2023-10-05,3.450000047683716,3.75,3.430000066757202,3.5999999046325684,181260
2023-10-06,3.6500000953674316,3.7249999046325684,3.450000047683716,3.450000047683716,116740
2023-10-09,3.5999999046325684,3.694999933242798,3.450000047683716,3.625,139540
2023-10-10,3.7750000953674316,3.990000009536743,3.6449999809265137,3.6600000858306885,130220
2023-10-11,3.8299999237060547,3.950000047683716,3.7750000953674316,3.9000000953674316,52860
2023-10-12,3.634999990463257,3.9000000953674316,3.5999999046325684,3.75,87400
2023-10-13,3.5999999046325684,3.694999933242798,3.424999952316284,3.549999952316284,97020
2023-10-16,3.619999885559082,3.690000057220459,3.5,3.5,84620
2023-10-17,3.7200000286102295,3.7850000858306885,3.549999952316284,3.5999999046325684,97200
2023-10-18,3.4049999713897705,3.7100000381469727,3.365000009536743,3.700000047683716,153380
2023-10-19,3.1549999713897705,3.4000000953674316,3.1500000953674316,3.3499999046325684,107460
2023-10-20,3.0950000286102295,3.299999952316284,3.055000066757202,3.2149999141693115,118200
2023-10-23,2.884999990463257,3.049999952316284,2.8499999046325684,3.0,172740
2023-10-24,2.880000114440918,3.0,2.8550000190734863,2.865000009536743,122400
2023-10-25,2.700000047683716,2.9700000286102295,2.5350000858306885,2.950000047683716,252340
2023-10-26,2.740000009536743,2.75,2.625,2.700000047683716,76620
2023-10-27,2.575000047683716,2.740000009536743,2.509999990463257,2.700000047683716,138040
2023-10-30,2.490000009536743,2.700000047683716,2.4200000762939453,2.6500000953674316,139020
2023-10-31,2.490000009536743,2.5450000762939453,2.4200000762939453,2.450000047683716,145260
2023-11-01,2.380000114440918,2.4800000190734863,2.325000047683716,2.444999933242798,114220
2023-11-02,2.740000009536743,2.75,2.440000057220459,2.450000047683716,220380
2023-11-03,3.0799999237060547,3.25,2.9000000953674316,2.984999895095825,161220
2023-11-06,3.1600000858306885,3.299999952316284,3.0999999046325684,3.200000047683716,166160
2023-11-07,3.2149999141693115,3.25,3.1500000953674316,3.1500000953674316,93720
2023-11-08,3.299999952316284,3.299999952316284,3.055000066757202,3.240000009536743,111040
2023-11-09,2.9649999141693115,3.4000000953674316,2.950000047683716,3.299999952316284,206000
2023-11-10,2.9049999713897705,3.0799999237060547,2.755000114440918,2.8499999046325684,136560
2023-11-13,2.9800000190734863,3.200000047683716,2.7899999618530273,2.9000000953674316,252380
2023-11-14,2.8949999809265137,3.450000047683716,2.815000057220459,3.0999999046325684,379040
2023-11-15,2.9600000381469727,3.119999885559082,2.9000000953674316,2.930000066757202,199840
2023-11-16,2.700000047683716,2.9600000381469727,2.630000114440918,2.9000000953674316,210820
2023-11-17,2.740000009536743,2.799999952316284,2.549999952316284,2.700000047683716,198120
2023-11-20,2.799999952316284,2.950000047683716,2.6500000953674316,2.734999895095825,131220
2023-11-21,2.700000047683716,2.950000047683716,2.700000047683716,2.75,123180
2023-11-22,2.5299999713897705,2.75,2.5,2.75,146880
2023-11-24,2.6549999713897705,2.680000066757202,2.549999952316284,2.5999999046325684,27860
2023-11-27,2.5,2.6649999618530273,2.5,2.6649999618530273,113760
2023-11-28,2.555000066757202,2.640000104904175,2.549999952316284,2.5999999046325684,149080
2023-11-29,2.7149999141693115,2.9000000953674316,2.5850000381469727,2.5850000381469727,143720
2023-11-30,2.7950000762939453,2.8450000286102295,2.7249999046325684,2.75,94760
2023-12-01,2.819999933242798,2.8499999046325684,2.7149999141693115,2.799999952316284,90740
2023-12-04,2.7950000762939453,2.9000000953674316,2.759999990463257,2.7899999618530273,125840
2023-12-05,2.75,2.8299999237060547,2.7149999141693115,2.809999942779541,139220
2023-12-06,2.809999942779541,2.9700000286102295,2.75,2.799999952316284,154020
2023-12-07,2.7850000858306885,2.940000057220459,2.75,2.8450000286102295,170940
2023-12-08,2.865000009536743,2.890000104904175,2.75,2.75,108580
2023-12-11,2.9049999713897705,2.9649999141693115,2.8499999046325684,2.9100000858306885,112560
2023-12-12,3.434999942779541,3.6500000953674316,2.9000000953674316,2.950000047683716,572200
2023-12-13,3.7200000286102295,3.75,3.4049999713897705,3.5,446540
2023-12-14,3.950000047683716,4.0,3.680000066757202,3.680000066757202,313380
2023-12-15,3.9100000858306885,4.025000095367432,3.8350000381469727,4.025000095367432,550220
2023-12-18,3.694999933242798,3.944999933242798,3.4800000190734863,3.930000066757202,260300
2023-12-19,3.759999990463257,3.8399999141693115,3.6500000953674316,3.6500000953674316,162600
2023-12-20,3.569999933242798,3.799999952316284,3.555000066757202,3.799999952316284,152900
2023-12-21,3.630000114440918,3.734999895095825,3.549999952316284,3.5999999046325684,131120
2023-12-22,4.264999866485596,4.309999942779541,3.640000104904175,3.674999952316284,377680
2023-12-26,4.489999771118164,4.675000190734863,4.25,4.25,322260
2023-12-27,4.074999809265137,4.510000228881836,4.025000095367432,4.364999771118164,244220
2023-12-28,4.139999866485596,4.349999904632568,4.050000190734863,4.349999904632568,137000
2023-12-29,3.7899999618530273,4.275000095367432,3.7750000953674316,4.199999809265137,282520
2024-01-02,3.6500000953674316,3.884999990463257,3.5799999237060547,3.8499999046325684,161980
2024-01-03,5.050000190734863,5.300000190734863,3.9000000953674316,3.9000000953674316,2016160
2024-01-04,5.0,5.050000190734863,4.599999904632568,5.050000190734863,605840
2024-01-05,5.599999904632568,6.0,4.800000190734863,5.0,605300
2024-01-08,5.849999904632568,6.400000095367432,5.5,5.900000095367432,666060
2024-01-09,5.0,6.25,4.849999904632568,6.150000095367432,874860
2024-01-10,5.5,5.949999809265137,5.099999904632568,5.199999809265137,583060
2024-01-11,5.800000190734863,5.900000095367432,5.150000095367432,5.599999904632568,518560
2024-01-12,5.650000095367432,5.849999904632568,5.449999809265137,5.800000190734863,462880
2024-01-16,5.050000190734863,5.525000095367432,5.0,5.5,372100
2024-01-17,4.699999809265137,5.099999904632568,4.65500020980835,5.099999904632568,449800
2024-01-18,4.650000095367432,4.764999866485596,4.054999828338623,4.75,391620
2024-01-19,4.625,4.849999904632568,4.349999904632568,4.849999904632568,233500
2024-01-22,4.675000190734863,4.900000095367432,4.355000019073486,4.864999771118164,238620
2024-01-23,4.71999979019165,4.900000095367432,4.599999904632568,4.800000190734863,128940
2024-01-24,4.414999961853027,4.849999904632568,4.275000095367432,4.824999809265137,170360
2024-01-25,4.460000038146973,4.585000038146973,4.210000038146973,4.585000038146973,196280
2024-01-26,4.275000095367432,4.75,4.175000190734863,4.5,174680
2024-01-29,4.324999809265137,4.34499979019165,3.950000047683716,4.199999809265137,167800
2024-01-30,4.090000152587891,4.425000190734863,4.050000190734863,4.425000190734863,153780
2024-01-31,4.260000228881836,4.5,4.050000190734863,4.150000095367432,168020
2024-02-01,4.135000228881836,4.474999904632568,4.050000190734863,4.414999961853027,165640
2024-02-02,4.349999904632568,4.400000095367432,4.070000171661377,4.099999904632568,102880
2024-02-05,4.170000076293945,4.349999904632568,4.099999904632568,4.300000190734863,117460
2024-02-06,4.480000019073486,4.644999980926514,4.150000095367432,4.25,166840
2024-02-07,4.210000038146973,4.639999866485596,4.105000019073486,4.400000095367432,127360
2024-02-08,4.394999980926514,4.5,4.099999904632568,4.099999904632568,122840
2024-02-09,5.349999904632568,5.400000095367432,4.304999828338623,4.340000152587891,439660
2024-02-12,5.099999904632568,5.75,5.0,5.25,324700
2024-02-13,4.704999923706055,5.199999809265137,4.675000190734863,5.0,261500
2024-02-14,4.925000190734863,4.949999809265137,4.599999904632568,4.75,153580
2024-02-15,5.349999904632568,5.699999809265137,4.900000095367432,4.90500020980835,254700
2024-02-16,5.300000190734863,5.599999904632568,5.150000095367432,5.400000095367432,158460
2024-02-20,4.760000228881836,5.25,4.755000114440918,5.199999809265137,286260
2024-02-21,4.699999809265137,4.804999828338623,4.5,4.75,201160
2024-02-22,4.760000228881836,4.849999904632568,4.699999809265137,4.724999904632568,91180
2024-02-23,4.764999866485596,5.150000095367432,4.610000133514404,4.699999809265137,167320
2024-02-26,5.050000190734863,5.25,4.769999980926514,4.849999904632568,208440
2024-02-27,4.824999809265137,5.150000095367432,4.75,5.050000190734863,156100
2024-02-28,4.710000038146973,5.099999904632568,4.65500020980835,4.65500020980835,140580
2024-02-29,5.050000190734863,5.099999904632568,4.739999771118164,4.824999809265137,256880
2024-03-01,5.150000095367432,5.300000190734863,4.760000228881836,5.099999904632568,174720
2024-03-04,5.150000095367432,5.400000095367432,4.900000095367432,5.199999809265137,308780
2024-03-05,5.050000190734863,5.25,4.809999942779541,5.25,289100
2024-03-06,5.449999809265137,5.599999904632568,4.974999904632568,5.099999904632568,397260
2024-03-07,5.949999809265137,6.099999904632568,5.400000095367432,5.5,413620
2024-03-08,6.599999904632568,7.25,6.005000114440918,6.050000190734863,747460
2024-03-11,6.5,7.050000190734863,6.199999809265137,6.849999904632568,271000
2024-03-12,5.5,6.300000190734863,4.744999885559082,6.25,800340
2024-03-13,5.150000095367432,5.59499979019165,5.099999904632568,5.349999904632568,338780
2024-03-14,4.875,5.25,4.849999904632568,5.25,263020
2024-03-15,4.965000152587891,5.5,4.755000114440918,4.800000190734863,556440
2024-03-18,5.050000190734863,5.300000190734863,4.900000095367432,5.0,348520
2024-03-19,5.199999809265137,5.539999961853027,4.650000095367432,5.159999847412109,552500
2024-03-20,4.809999942779541,5.090000152587891,4.440000057220459,5.0,747000
2024-03-21,4.360000133514404,4.960000038146973,4.300000190734863,4.760000228881836,633200
2024-03-22,4.090000152587891,4.300000190734863,3.880000114440918,4.260000228881836,713700
2024-03-25,3.9000000953674316,4.150000095367432,3.890000104904175,4.0,366200
2024-03-26,3.4800000190734863,3.9000000953674316,3.4800000190734863,3.890000104904175,561400
2024-03-27,3.5399999618530273,3.7070000171661377,3.309999942779541,3.4100000858306885,600200
2024-03-28,3.930000066757202,4.005000114440918,3.5,3.5299999713897705,669200
2024-04-01,4.139999866485596,4.179999828338623,3.7899999618530273,3.859999895095825,373300
2024-04-02,4.039999961853027,4.090000152587891,3.8329999446868896,3.9700000286102295,279100
2024-04-03,4.110000133514404,4.144999980926514,3.9000000953674316,3.990000009536743,290200
2024-04-04,4.170000076293945,4.449999809265137,4.119999885559082,4.159999847412109,356100
2024-04-05,3.990000009536743,4.25,3.940000057220459,4.119999885559082,234100
2024-04-08,4.039999961853027,4.159999847412109,3.990000009536743,3.990000009536743,172200
2024-04-09,4.190000057220459,4.300000190734863,4.070000171661377,4.070000171661377,144600
2024-04-10,3.9000000953674316,4.079999923706055,3.8350000381469727,4.019999980926514,301400
2024-04-11,3.890000104904175,4.039999961853027,3.7200000286102295,3.9100000858306885,187600
2024-04-12,3.5799999237060547,3.8299999237060547,3.5299999713897705,3.8299999237060547,210400
2024-04-15,3.440000057220459,3.640000104904175,3.4049999713897705,3.569999933242798,256600
2024-04-16,3.180000066757202,3.440000057220459,3.180000066757202,3.4100000858306885,250300
2024-04-17,2.9800000190734863,3.25,2.940000057220459,3.2100000381469727,412700
2024-04-18,3.0999999046325684,3.109999895095825,2.799999952316284,2.9800000190734863,374100
2024-04-19,3.109999895095825,3.2149999141693115,3.069999933242798,3.0799999237060547,244900
2024-04-22,2.990000009536743,3.200000047683716,2.9100000858306885,3.130000114440918,256600
2024-04-23,3.0899999141693115,3.2100000381469727,2.9800000190734863,3.0,252900
2024-04-24,3.130000114440918,3.180000066757202,3.0,3.180000066757202,199200
2024-04-25,2.940000057220459,3.0899999141693115,2.9100000858306885,3.059999942779541,217700
2024-04-26,3.0899999141693115,3.130000114440918,2.9600000381469727,2.9600000381469727,187800
2024-04-29,3.240000009536743,3.319999933242798,3.119999885559082,3.119999885559082,194500
2024-04-30,3.119999885559082,3.2699999809265137,3.109999895095825,3.190000057220459,256000
2024-05-01,3.069999933242798,3.240000009536743,3.0250000953674316,3.119999885559082,197800
2024-05-02,3.0999999046325684,3.2200000286102295,3.002000093460083,3.130000114440918,333400
2024-05-03,3.4200000762939453,3.619999885559082,3.200000047683716,3.200000047683716,481400
2024-05-06,3.440000057220459,3.6500000953674316,3.390000104904175,3.5399999618530273,254200
2024-05-07,3.450000047683716,3.5199999809265137,3.380000114440918,3.4600000381469727,186800
2024-05-08,3.4600000381469727,3.5999999046325684,3.319999933242798,3.4800000190734863,288700
2024-05-09,3.490000009536743,3.630000114440918,3.359999895095825,3.4700000286102295,231800
2024-05-10,3.3499999046325684,3.549999952316284,3.2300000190734863,3.5,272300
2024-05-13,3.4200000762939453,3.5799999237060547,3.390000104904175,3.390000104904175,159600
2024-05-14,3.7899999618530273,3.819999933242798,3.4600000381469727,3.490000009536743,328200
2024-05-15,3.5999999046325684,3.869999885559082,3.5899999141693115,3.859999895095825,178400
2024-05-16,3.4000000953674316,3.5999999046325684,3.380000114440918,3.5799999237060547,219600
2024-05-17,3.4000000953674316,3.5799999237060547,3.3499999046325684,3.4100000858306885,160300
2024-05-20,3.4700000286102295,3.640000104904175,3.380000114440918,3.4000000953674316,287000
2024-05-21,3.299999952316284,3.5,3.259999990463257,3.4600000381469727,179900
2024-05-22,3.450000047683716,3.4700000286102295,3.259999990463257,3.2699999809265137,206500
2024-05-23,3.2799999713897705,3.490000009536743,3.25,3.4700000286102295,309900
2024-05-24,3.4100000858306885,3.4800000190734863,3.2799999713897705,3.309999942779541,166000
2024-05-28,3.299999952316284,3.490000009536743,3.2850000858306885,3.450000047683716,179000
2024-05-29,3.1600000858306885,3.319999933242798,3.140000104904175,3.25,196300
2024-05-30,3.259999990463257,3.309999942779541,3.119999885559082,3.119999885559082,133800
2024-05-31,3.2300000190734863,3.3499999046325684,3.130000114440918,3.2799999713897705,154700
2024-06-03,3.309999942779541,3.369999885559082,3.1700000762939453,3.2699999809265137,204100
2024-06-04,3.0899999141693115,3.2699999809265137,3.0799999237060547,3.2300000190734863,210900
2024-06-05,3.059999942779541,3.1500000953674316,2.9600000381469727,3.0999999046325684,446100
2024-06-06,3.1600000858306885,3.2100000381469727,3.0399999618530273,3.0399999618530273,138400
2024-06-07,3.119999885559082,3.1500000953674316,3.0,3.0899999141693115,246700
2024-06-10,3.109999895095825,3.200000047683716,3.059999942779541,3.0799999237060547,121100
2024-06-11,2.990000009536743,3.140000104904175,2.9200000762939453,3.059999942779541,193700
2024-06-12,2.990000009536743,3.180000066757202,2.940000057220459,3.0299999713897705,170700
2024-06-13,2.7899999618530273,2.9800000190734863,2.740000009536743,2.9200000762939453,136600
2024-06-14,2.759999990463257,2.7699999809265137,2.5199999809265137,2.7699999809265137,176700
2024-06-17,2.759999990463257,2.8320000171661377,2.700000047683716,2.700000047683716,172100
2024-06-18,2.7699999809265137,2.880000114440918,2.7300000190734863,2.7699999809265137,216100
2024-06-20,2.559999942779541,2.75,2.559999942779541,2.7300000190734863,265800
2024-06-21,2.5999999046325684,2.630000114440918,2.440000057220459,2.509999990463257,199800
2024-06-24,2.5799999237060547,2.6600000858306885,2.5,2.5999999046325684,116500
2024-06-25,2.5299999713897705,2.569999933242798,2.4800000190734863,2.5199999809265137,173000
2024-06-26,2.5199999809265137,2.619999885559082,2.4800000190734863,2.5,147600
2024-06-27,2.569999933242798,2.5999999046325684,2.493000030517578,2.5,196100
2024-06-28,2.5199999809265137,2.630000114440918,2.4600000381469727,2.5399999618530273,929700
2024-07-01,2.490000009536743,2.5450000762939453,2.4100000858306885,2.5199999809265137,212100
2024-07-02,2.2899999618530273,2.490000009536743,2.240000009536743,2.4600000381469727,374200
2024-07-03,2.3299999237060547,2.4000000953674316,2.259999990463257,2.2899999618530273,283200
2024-07-05,2.3499999046325684,2.380000114440918,2.2009999752044678,2.2799999713897705,428700
2024-07-08,2.5399999618530273,2.640000104904175,2.299999952316284,2.3299999237060547,264200
2024-07-09,2.7200000286102295,2.7799999713897705,2.569999933242798,2.5899999141693115,297300
2024-07-10,2.609999895095825,2.759999990463257,2.569999933242798,2.740000009536743,318500
2024-07-11,2.859999895095825,2.9000000953674316,2.7300000190734863,2.7699999809265137,226200
2024-07-12,3.0299999713897705,3.069999933242798,2.880000114440918,2.890000104904175,239000
2024-07-15,3.4000000953674316,3.4800000190734863,3.0899999141693115,3.0899999141693115,411200
2024-07-16,3.759999990463257,3.869999885559082,3.4200000762939453,3.440000057220459,613900
2024-07-17,3.380000114440918,3.75,3.299999952316284,3.619999885559082,385700
2024-07-18,3.309999942779541,3.4700000286102295,3.2300000190734863,3.359999895095825,256100
2024-07-19,3.2899999618530273,3.3399999141693115,3.119999885559082,3.299999952316284,255300
2024-07-22,3.190000057220459,3.2750000953674316,3.0799999237060547,3.2699999809265137,214900
2024-07-23,3.6600000858306885,3.9800000190734863,3.200000047683716,3.2100000381469727,1037600
2024-07-24,3.4200000762939453,3.7200000286102295,3.299999952316284,3.619999885559082,491400
2024-07-25,3.369999885559082,3.4600000381469727,3.2799999713897705,3.4200000762939453,325000
2024-07-26,3.6600000858306885,3.6600000858306885,3.364000082015991,3.450000047683716,225200
2024-07-29,3.549999952316284,3.8889999389648438,3.450000047683716,3.7200000286102295,384300
2024-07-30,3.5199999809265137,3.559999942779541,3.384999990463257,3.559999942779541,324800
2024-07-31,3.630000114440918,3.7799999713897705,3.490000009536743,3.569999933242798,291400
2024-08-01,3.259999990463257,3.680000066757202,3.200000047683716,3.640000104904175,292400
2024-08-02,3.1600000858306885,3.190000057220459,3.059999942779541,3.0899999141693115,250000
2024-08-05,2.9200000762939453,3.130000114440918,2.430000066757202,2.759999990463257,469000
2024-08-06,2.9100000858306885,3.0799999237060547,2.859999895095825,2.940000057220459,231600
2024-08-07,2.809999942779541,3.0490000247955322,2.759999990463257,2.9700000286102295,274700
2024-08-08,2.869999885559082,2.9000000953674316,2.5199999809265137,2.799999952316284,341100
2024-08-09,2.869999885559082,2.9200000762939453,2.7799999713897705,2.819999933242798,212800
2024-08-12,2.7799999713897705,2.9549999237060547,2.744999885559082,2.8399999141693115,457300
2024-08-13,2.859999895095825,2.941999912261963,2.8299999237060547,2.8299999237060547,145900
2024-08-14,2.690000057220459,2.859999895095825,2.6600000858306885,2.859999895095825,171300
2024-08-15,2.700000047683716,2.880000114440918,2.6700000762939453,2.759999990463257,207200
2024-08-16,2.7699999809265137,2.8399999141693115,2.700000047683716,2.700000047683716,184900
2024-08-19,3.0,3.009999990463257,2.759999990463257,2.759999990463257,286700
2024-08-20,2.9600000381469727,3.069999933242798,2.880000114440918,3.0199999809265137,215300
2024-08-21,2.990000009536743,3.0299999713897705,2.859999895095825,2.990000009536743,120000
2024-08-22,2.890000104904175,3.0,2.8350000381469727,2.990000009536743,257400
2024-08-23,3.009999990463257,3.0799999237060547,2.9000000953674316,2.9100000858306885,181100
2024-08-26,2.950000047683716,3.109999895095825,2.940000057220459,3.0299999713897705,273600
2024-08-27,3.049999952316284,3.069999933242798,2.7899999618530273,2.880000114440918,284400
2024-08-28,3.180000066757202,3.259999990463257,2.9800000190734863,3.009999990463257,339900
2024-08-29,3.2799999713897705,3.3499999046325684,3.1500000953674316,3.2300000190734863,187400
2024-08-30,3.299999952316284,3.3499999046325684,3.1600000858306885,3.319999933242798,141100
2024-09-03,2.759999990463257,3.2699999809265137,2.7100000381469727,3.25,434000
2024-09-04,2.5199999809265137,2.7899999618530273,2.5,2.7899999618530273,633700
2024-09-05,2.5,2.7100000381469727,2.4700000286102295,2.509999990463257,416100
2024-09-06,2.440000057220459,2.509999990463257,2.359999895095825,2.509999990463257,322900
2024-09-09,2.490000009536743,2.5999999046325684,2.4200000762939453,2.450000047683716,333400
2024-09-10,2.4100000858306885,2.509999990463257,2.380000114440918,2.490000009536743,188800
2024-09-11,2.549999952316284,2.5999999046325684,2.380000114440918,2.430000066757202,166300
2024-09-12,2.7300000190734863,2.75,2.559999942779541,2.5799999237060547,155400
2024-09-13,2.859999895095825,2.859999895095825,2.7300000190734863,2.7300000190734863,129900
2024-09-16,2.890000104904175,2.9200000762939453,2.809999942779541,2.8499999046325684,98800
2024-09-17,2.950000047683716,3.049999952316284,2.9059998989105225,2.930000066757202,154400
2024-09-18,2.880000114440918,3.0,2.8499999046325684,2.950000047683716,171200
2024-09-19,3.1500000953674316,3.240000009536743,2.940000057220459,3.009999990463257,402600
2024-09-20,3.190000057220459,3.2699999809265137,3.0199999809265137,3.130000114440918,530400
2024-09-23,3.1700000762939453,3.2699999809265137,3.118000030517578,3.2200000286102295,162000
2024-09-24,3.3299999237060547,3.3499999046325684,3.200000047683716,3.2100000381469727,131300
2024-09-25,3.180000066757202,3.3399999141693115,3.130000114440918,3.309999942779541,103000
2024-09-26,3.450000047683716,3.450000047683716,3.2699999809265137,3.309999942779541,224100
2024-09-27,3.3299999237060547,3.5850000381469727,3.319999933242798,3.440000057220459,246200
2024-09-30,3.2899999618530273,3.4100000858306885,3.2300000190734863,3.299999952316284,174600
2024-10-01,3.069999933242798,3.299999952316284,3.049999952316284,3.2699999809265137,214800
2024-10-02,3.1500000953674316,3.240000009536743,3.0299999713897705,3.069999933242798,120200
2024-10-03,3.0799999237060547,3.2039999961853027,3.059999942779541,3.0899999141693115,114300
2024-10-04,3.2799999713897705,3.2799999713897705,3.059999942779541,3.1600000858306885,148600
2024-10-07,3.450000047683716,3.450000047683716,3.25,3.259999990463257,230100
2024-10-08,3.5,3.6600000858306885,3.4000000953674316,3.5999999046325684,286900
2024-10-09,3.490000009536743,3.625,3.4200000762939453,3.490000009536743,162500
2024-10-10,3.4600000381469727,3.4700000286102295,3.299999952316284,3.4700000286102295,118500
2024-10-11,3.4700000286102295,3.5490000247955322,3.3499999046325684,3.440000057220459,162000
2024-10-14,3.450000047683716,3.5199999809265137,3.259999990463257,3.490000009536743,130200
2024-10-15,3.490000009536743,3.509999990463257,3.319999933242798,3.440000057220459,139400
2024-10-16,3.619999885559082,3.6449999809265137,3.5199999809265137,3.549999952316284,232500
2024-10-17,3.630000114440918,3.700000047683716,3.5199999809265137,3.690000057220459,194700
2024-10-18,4.159999847412109,4.176000118255615,3.6649999618530273,3.680000066757202,425800
2024-10-21,3.9100000858306885,4.150000095367432,3.8299999237060547,4.150000095367432,237500
2024-10-22,4.119999885559082,4.164999961853027,3.7799999713897705,3.869999885559082,249400
2024-10-23,4.139999866485596,4.329999923706055,3.950000047683716,4.059999942779541,311100
2024-10-24,4.090000152587891,4.449999809265137,4.059999942779541,4.239999771118164,231000
2024-10-25,4.050000190734863,4.239999771118164,4.03000020980835,4.079999923706055,135600
2024-10-28,4.480000019073486,4.579999923706055,4.03000020980835,4.139999866485596,406200
2024-10-29,4.210000038146973,4.5,4.114999771118164,4.460000038146973,237600
2024-10-30,4.0,4.25,3.950000047683716,4.150000095367432,281100
2024-10-31,3.680000066757202,4.005000114440918,3.5999999046325684,4.0,353000
2024-11-01,3.940000057220459,4.150000095367432,3.759999990463257,3.759999990463257,363600
2024-11-04,3.8499999046325684,4.034999847412109,3.809999942779541,3.9100000858306885,202100
2024-11-05,4.050000190734863,4.159999847412109,3.819999933242798,3.819999933242798,334800
2024-11-06,4.309999942779541,4.420000076293945,4.050000190734863,4.320000171661377,644800
2024-11-07,4.300000190734863,4.570000171661377,4.03000020980835,4.349999904632568,567300
2024-11-08,4.320000171661377,4.409999847412109,4.139999866485596,4.28000020980835,447900
2024-11-11,4.159999847412109,4.429999828338623,4.010000228881836,4.429999828338623,559900
2024-11-12,4.070000171661377,4.238999843597412,3.953000068664551,4.119999885559082,443000
2024-11-13,3.8499999046325684,4.119999885559082,3.8499999046325684,4.090000152587891,280600
2024-11-14,3.7699999809265137,3.8889999389648438,3.700000047683716,3.8499999046325684,311200
2024-11-15,3.7300000190734863,3.7899999618530273,3.6549999713897705,3.7699999809265137,222400
2024-11-18,3.680000066757202,3.809999942779541,3.6600000858306885,3.75,289800
2024-11-19,3.6600000858306885,3.740000009536743,3.569999933242798,3.690000057220459,308500
2024-11-20,3.450000047683716,3.6600000858306885,3.319999933242798,3.5999999046325684,452100
2024-11-21,3.7699999809265137,3.8450000286102295,3.4000000953674316,3.440000057220459,321400
2024-11-22,4.25,4.289999961853027,3.759999990463257,3.950000047683716,700000
2024-11-25,4.5,4.610000133514404,4.309999942779541,4.440000057220459,1381700
2024-11-26,4.53000020980835,4.599999904632568,4.300000190734863,4.449999809265137,533100
2024-11-27,4.75,4.78000020980835,4.480000019073486,4.570000171661377,431700
2024-11-29,4.599999904632568,4.920000076293945,4.550000190734863,4.760000228881836,291000
2024-12-02,4.510000228881836,4.699999809265137,4.340000152587891,4.550000190734863,545600
2024-12-03,4.309999942779541,4.570000171661377,4.210000038146973,4.489999771118164,685600
2024-12-04,4.389999866485596,4.489999771118164,4.179999828338623,4.230000019073486,278400
2024-12-05,4.380000114440918,4.46999979019165,4.190000057220459,4.380000114440918,249100
2024-12-06,4.659999847412109,5.010000228881836,4.440000057220459,4.440000057220459,805800
2024-12-09,4.78000020980835,4.820000171661377,4.5,4.820000171661377,916500
2024-12-10,4.46999979019165,4.880000114440918,4.460000038146973,4.78000020980835,661800
2024-12-11,4.5,4.6479997634887695,4.349999904632568,4.5,307200
2024-12-12,4.329999923706055,4.480000019073486,4.090000152587891,4.449999809265137,538900
2024-12-13,4.340000152587891,4.465000152587891,4.170000076293945,4.300000190734863,291600
2024-12-16,4.25,4.409999847412109,4.099999904632568,4.329999923706055,462900
2024-12-17,4.050000190734863,4.230000019073486,4.019999980926514,4.230000019073486,349800
2024-12-18,3.8299999237060547,4.264999866485596,3.7750000953674316,4.039999961853027,591800
2024-12-19,3.869999885559082,4.0,3.799999952316284,3.9100000858306885,348400
2024-12-20,4.019999980926514,4.105000019073486,3.75,3.799999952316284,637100
2024-12-23,4.360000133514404,4.400000095367432,3.993000030517578,4.099999904632568,289700
2024-12-24,4.489999771118164,4.550000190734863,4.340000152587891,4.380000114440918,205800
2024-12-26,4.78000020980835,4.867000102996826,4.440000057220459,4.440000057220459,525000
2024-12-27,4.769999980926514,4.820000171661377,4.53000020980835,4.710000038146973,489100
2024-12-30,4.75,4.800000190734863,4.460000038146973,4.650000095367432,395300
