date,close,regime_signal_raw,regime_signal_fft,regime_signal_fused
2014-01-03,182.89,1,,0
2014-01-06,182.36,1,-1.0,0
2014-01-07,183.48,1,-1.0,0
2014-01-08,183.52,1,-1.0,0
2014-01-09,183.64,1,-1.0,0
2014-01-10,184.14,1,-1.0,0
2014-01-13,181.69,1,-1.0,0
2014-01-14,183.67,1,-1.0,0
2014-01-15,184.66,1,-1.0,0
2014-01-16,184.42,1,-1.0,0
2014-01-17,183.64,1,-1.0,0
2014-01-21,184.18,1,-1.0,0
2014-01-22,184.3,0,-1.0,0
2014-01-23,182.79,0,-1.0,0
2014-01-24,178.89,-1,-1.0,-1
2014-01-27,178.01,-1,-1.0,-1
2014-01-28,179.07,-1,-1.0,-1
2014-01-29,177.35,-1,-1.0,-1
2014-01-30,179.23,-1,-1.0,-1
2014-01-31,178.18,-1,-1.0,-1
2014-02-03,174.17,-1,-1.0,-1
2014-02-04,175.39,0,-1.0,0
2014-02-05,175.17,0,-1.0,0
2014-02-06,177.48,0,-1.0,0
2014-02-07,179.68,0,-1.0,0
2014-02-10,180.01,1,-1.0,0
2014-02-11,181.98,1,-1.0,0
2014-02-12,182.07,1,-1.0,0
2014-02-13,183.01,1,-1.0,0
2014-02-14,184.02,1,-1.0,0
2014-02-18,184.24,1,-1.0,0
2014-02-19,183.02,1,-1.0,0
2014-02-20,184.1,1,-1.0,0
2014-02-21,183.89,1,-1.0,0
2014-02-24,184.91,1,-1.0,0
2014-02-25,184.84,1,-1.0,0
2014-02-26,184.85,1,-1.0,0
2014-02-27,185.82,1,-1.0,0
2014-02-28,186.29,1,-1.0,0
2014-03-03,184.98,1,-1.0,0
2014-03-04,187.58,1,-1.0,0
2014-03-05,187.75,1,-1.0,0
2014-03-06,188.18,1,-1.0,0
2014-03-07,188.26,1,-1.0,0
2014-03-10,188.16,1,-1.0,0
2014-03-11,187.23,1,-1.0,0
2014-03-12,187.28,1,-1.0,0
2014-03-13,185.18,1,-1.0,0
2014-03-14,184.66,1,-1.0,0
2014-03-17,186.33,1,-1.0,0
2014-03-18,187.66,1,-1.0,0
2014-03-19,186.66,1,-1.0,0
2014-03-20,187.75,1,-1.0,0
2014-03-21,186.2,1,-1.0,0
2014-03-24,185.43,1,-1.0,0
2014-03-25,186.31,1,-1.0,0
2014-03-26,184.97,1,-1.0,0
2014-03-27,184.58,1,-1.0,0
2014-03-28,185.49,1,-1.0,0
2014-03-31,187.01,1,-1.0,0
2014-04-01,188.25,1,-1.0,0
2014-04-02,188.88,1,-1.0,0
2014-04-03,188.63,1,-1.0,0
2014-04-04,186.4,0,-1.0,0
2014-04-07,184.34,0,-1.0,0
2014-04-08,185.1,0,-1.0,0
2014-04-09,187.09,0,-1.0,0
2014-04-10,183.16,-1,-1.0,-1
2014-04-11,181.51,0,-1.0,0
2014-04-14,182.94,0,-1.0,0
2014-04-15,184.2,0,-1.0,0
2014-04-16,186.13,1,-1.0,0
2014-04-17,186.39,1,-1.0,0
2014-04-21,187.04,1,-1.0,0
2014-04-22,187.89,1,-1.0,0
2014-04-23,187.45,1,-1.0,0
2014-04-24,187.83,1,-1.0,0
2014-04-25,186.29,1,-1.0,0
2014-04-28,186.88,1,-1.0,0
2014-04-29,187.75,1,0.0,0
2014-04-30,188.31,1,0.0,0
2014-05-01,188.33,1,-1.0,0
2014-05-02,188.06,1,-1.0,0
2014-05-05,188.42,1,-1.0,0
2014-05-06,186.78,1,-1.0,0
2014-05-07,187.88,1,-1.0,0
2014-05-08,187.68,1,-1.0,0
2014-05-09,187.96,1,-1.0,0
2014-05-12,189.79,1,-1.0,0
2014-05-13,189.96,1,0.0,0
2014-05-14,189.06,1,0.0,0
2014-05-15,187.4,1,0.0,0
2014-05-16,188.05,1,-1.0,0
2014-05-19,188.74,1,-1.0,0
2014-05-20,187.55,1,-1.0,0
2014-05-21,189.13,1,-1.0,0
2014-05-22,189.59,1,-1.0,0
2014-05-23,190.35,1,-1.0,0
2014-05-27,191.52,1,0.0,0
2014-05-28,191.38,1,1.0,1
2014-05-29,192.37,1,1.0,1
2014-05-30,192.68,1,1.0,1
2014-06-02,192.9,1,1.0,1
2014-06-03,192.8,1,1.0,1
2014-06-04,193.19,1,1.0,1
2014-06-05,194.45,1,1.0,1
2014-06-06,195.38,1,1.0,1
2014-06-09,195.58,1,1.0,1
2014-06-10,195.6,1,1.0,1
2014-06-11,194.92,1,1.0,1
2014-06-12,193.54,1,1.0,1
2014-06-13,194.13,1,1.0,1
2014-06-16,194.29,1,1.0,1
2014-06-17,194.83,1,1.0,1
2014-06-18,196.26,1,1.0,1
2014-06-19,196.48,1,1.0,1
2014-06-20,195.94,1,1.0,1
2014-06-23,195.88,1,1.0,1
2014-06-24,194.7,1,1.0,1
2014-06-25,195.58,1,1.0,1
2014-06-26,195.44,1,1.0,1
2014-06-27,195.82,1,1.0,1
2014-06-30,195.72,1,1.0,1
2014-07-01,197.03,1,1.0,1
2014-07-02,197.23,1,0.0,0
2014-07-03,198.2,1,1.0,1
2014-07-07,197.51,1,1.0,1
2014-07-08,196.24,1,1.0,1
2014-07-09,197.12,1,1.0,1
2014-07-10,196.34,1,1.0,1
2014-07-11,196.61,1,1.0,1
2014-07-14,197.6,1,1.0,1
2014-07-15,197.23,1,1.0,1
2014-07-16,197.96,1,1.0,1
2014-07-17,195.71,1,1.0,1
2014-07-18,197.71,1,1.0,1
2014-07-21,197.34,1,1.0,1
2014-07-22,198.2,1,1.0,1
2014-07-23,198.64,1,1.0,1
2014-07-24,198.65,1,1.0,1
2014-07-25,197.72,1,0.0,0
2014-07-28,197.8,1,-1.0,0
2014-07-29,196.95,1,-1.0,0
2014-07-30,196.98,1,-1.0,0
2014-07-31,193.09,0,-1.0,0
2014-08-01,192.5,1,-1.0,0
2014-08-04,193.89,1,-1.0,0
2014-08-05,192.01,1,-1.0,0
2014-08-06,192.07,1,0.0,0
2014-08-07,191.03,1,0.0,0
2014-08-08,193.24,1,0.0,0
2014-08-11,193.8,1,0.0,0
2014-08-12,193.53,1,0.0,0
2014-08-13,194.84,1,-1.0,0
2014-08-14,195.76,1,-1.0,0
2014-08-15,195.72,1,-1.0,0
2014-08-18,197.36,1,-1.0,0
2014-08-19,198.39,1,-1.0,0
2014-08-20,198.92,1,-1.0,0
2014-08-21,199.5,1,0.0,0
2014-08-22,199.19,1,1.0,1
2014-08-25,200.2,1,1.0,1
2014-08-26,200.33,1,1.0,1
2014-08-27,200.25,1,1.0,1
2014-08-28,200.14,1,1.0,1
2014-08-29,200.71,1,1.0,1
2014-09-02,200.61,1,1.0,1
2014-09-03,200.5,1,1.0,1
2014-09-04,200.21,1,1.0,1
2014-09-05,201.11,1,1.0,1
2014-09-08,200.59,1,1.0,1
2014-09-09,199.32,1,1.0,1
2014-09-10,200.07,1,1.0,1
2014-09-11,200.3,1,1.0,1
2014-09-12,199.13,1,1.0,1
2014-09-15,198.98,1,1.0,1
2014-09-16,200.48,1,1.0,1
2014-09-17,200.75,1,1.0,1
2014-09-18,201.82,1,1.0,1
2014-09-19,200.7,1,1.0,1
2014-09-22,199.15,1,1.0,1
2014-09-23,198.01,0,1.0,0
2014-09-24,199.56,0,0.0,0
2014-09-25,196.34,0,-1.0,0
2014-09-26,197.9,0,-1.0,0
2014-09-29,197.54,0,-1.0,0
2014-09-30,197.02,0,-1.0,0
2014-10-01,194.35,0,-1.0,0
2014-10-02,194.38,0,-1.0,0
2014-10-03,196.52,0,-1.0,0
2014-10-06,196.29,-1,-1.0,-1
2014-10-07,193.26,-1,0.0,0
2014-10-08,196.64,-1,0.0,0
2014-10-09,192.74,-1,1.0,0
2014-10-10,190.54,-1,1.0,0
2014-10-13,187.41,-1,1.0,0
2014-10-14,187.7,-1,1.0,0
2014-10-15,186.43,-1,1.0,0
2014-10-16,186.27,-1,1.0,0
2014-10-17,188.47,-1,1.0,0
2014-10-20,190.3,-1,1.0,0
2014-10-21,194.07,-1,1.0,0
2014-10-22,192.69,0,1.0,0
2014-10-23,194.93,0,1.0,0
2014-10-24,196.43,0,1.0,0
2014-10-27,196.16,1,1.0,1
2014-10-28,198.41,1,1.0,1
2014-10-29,198.11,1,1.0,1
2014-10-30,199.38,1,1.0,1
2014-10-31,201.66,1,1.0,1
2014-11-03,201.77,1,1.0,1
2014-11-04,201.07,1,1.0,1
2014-11-05,202.34,1,1.0,1
2014-11-06,203.15,1,1.0,1
2014-11-07,203.34,1,1.0,1
2014-11-10,203.98,1,1.0,1
2014-11-11,204.18,1,1.0,1
2014-11-12,203.96,1,1.0,1
2014-11-13,204.19,1,1.0,1
2014-11-14,204.24,1,1.0,1
2014-11-17,204.37,1,1.0,1
2014-11-18,205.55,1,1.0,1
2014-11-19,205.22,1,1.0,1
2014-11-20,205.58,1,1.0,1
2014-11-21,206.68,1,1.0,1
2014-11-24,207.26,1,1.0,1
2014-11-25,207.11,1,1.0,1
2014-11-26,207.64,1,1.0,1
2014-11-28,207.2,1,1.0,1
2014-12-01,205.76,1,1.0,1
2014-12-02,207.09,1,1.0,1
2014-12-03,207.89,1,1.0,1
2014-12-04,207.66,1,1.0,1
2014-12-05,208.0,1,1.0,1
2014-12-08,206.61,0,1.0,0
2014-12-09,206.47,0,1.0,0
2014-12-10,203.16,-1,1.0,0
2014-12-11,204.19,-1,1.0,0
2014-12-12,200.89,-1,1.0,0
2014-12-15,199.51,-1,1.0,0
2014-12-16,197.91,-1,1.0,0
2014-12-17,201.79,-1,1.0,0
2014-12-18,206.78,-1,1.0,0
2014-12-19,206.52,0,1.0,0
2014-12-22,207.47,0,1.0,0
2014-12-23,207.75,1,1.0,1
2014-12-24,207.77,1,1.0,1
2014-12-26,208.44,1,1.0,1
2014-12-29,208.72,0,1.0,0
2014-12-30,207.6,0,1.0,0
2014-12-31,205.54,0,1.0,0
2015-01-02,205.43,0,1.0,0
2015-01-05,201.72,-1,1.0,0
2015-01-06,199.82,-1,1.0,0
2015-01-07,202.31,-1,1.0,0
2015-01-08,205.9,-1,1.0,0
2015-01-09,204.25,-1,1.0,0
2015-01-12,202.65,-1,1.0,0
2015-01-13,202.08,-1,1.0,0
2015-01-14,200.86,-1,1.0,0
2015-01-15,199.02,-1,1.0,0
2015-01-16,201.63,-1,1.0,0
2015-01-20,202.06,0,1.0,0
2015-01-21,203.08,0,1.0,0
2015-01-22,206.1,-1,1.0,0
2015-01-23,204.97,-1,1.0,0
2015-01-26,205.45,-1,1.0,0
2015-01-27,202.74,-1,1.0,0
2015-01-28,200.14,-1,1.0,0
2015-01-29,201.99,-1,1.0,0
2015-01-30,199.45,-1,1.0,0
2015-02-02,201.92,-1,1.0,0
2015-02-03,204.84,0,1.0,0
2015-02-04,204.06,0,1.0,0
2015-02-05,206.12,0,1.0,0
2015-02-06,205.55,1,1.0,1
2015-02-09,204.63,1,1.0,1
2015-02-10,206.81,1,1.0,1
2015-02-11,206.93,1,1.0,1
2015-02-12,208.92,1,1.0,1
2015-02-13,209.78,1,1.0,1
2015-02-17,210.11,1,1.0,1
2015-02-18,210.13,1,1.0,1
2015-02-19,209.98,1,1.0,1
2015-02-20,211.24,1,1.0,1
2015-02-23,211.21,1,1.0,1
2015-02-24,211.81,1,1.0,1
2015-02-25,211.63,1,1.0,1
2015-02-26,211.38,1,1.0,1
2015-02-27,210.66,1,1.0,1
2015-03-02,211.99,1,1.0,1
2015-03-03,211.12,1,1.0,1
2015-03-04,210.23,1,1.0,1
2015-03-05,210.46,1,1.0,1
2015-03-06,207.5,0,1.0,0
2015-03-09,208.36,0,1.0,0
2015-03-10,204.98,0,1.0,0
2015-03-11,204.5,0,1.0,0
2015-03-12,207.1,0,1.0,0
2015-03-13,205.83,0,1.0,0
2015-03-16,208.58,0,1.0,0
2015-03-17,207.96,1,1.0,1
2015-03-18,210.46,1,1.0,1
2015-03-19,209.5,1,1.0,1
2015-03-20,210.41,1,1.0,1
2015-03-23,210.0,1,1.0,1
2015-03-24,208.82,1,1.0,1
2015-03-25,205.76,1,1.0,1
2015-03-26,205.27,1,1.0,1
2015-03-27,205.74,1,1.0,1
2015-03-30,208.25,1,1.0,1
2015-03-31,206.43,1,1.0,1
2015-04-01,205.7,1,1.0,1
2015-04-02,206.44,1,1.0,1
2015-04-06,207.83,1,1.0,1
2015-04-07,207.28,1,1.0,1
2015-04-08,207.98,1,1.0,1
2015-04-09,208.9,1,1.0,1
2015-04-10,210.04,1,1.0,1
2015-04-13,209.09,1,1.0,1
2015-04-14,209.49,1,1.0,1
2015-04-15,210.43,1,1.0,1
2015-04-16,210.37,1,1.0,1
2015-04-17,207.95,1,1.0,1
2015-04-20,209.85,1,1.0,1
2015-04-21,209.6,1,1.0,1
2015-04-22,210.63,1,1.0,1
2015-04-23,211.16,1,1.0,1
2015-04-24,211.65,1,1.0,1
2015-04-27,210.77,1,1.0,1
2015-04-28,211.44,1,1.0,1
2015-04-29,210.57,1,1.0,1
2015-04-30,208.46,1,1.0,1
2015-05-01,210.72,1,1.0,1
2015-05-04,211.32,1,1.0,1
2015-05-05,208.9,1,1.0,1
2015-05-06,208.04,1,1.0,1
2015-05-07,208.87,1,1.0,1
2015-05-08,211.62,1,1.0,1
2015-05-11,210.61,1,1.0,1
2015-05-12,209.98,1,1.0,1
2015-05-13,210.02,1,1.0,1
2015-05-14,212.21,1,1.0,1
2015-05-15,212.44,1,1.0,1
2015-05-18,213.1,1,1.0,1
2015-05-19,213.03,1,1.0,1
2015-05-20,212.88,1,1.0,1
2015-05-21,213.5,1,1.0,1
2015-05-22,212.99,1,1.0,1
2015-05-26,210.7,1,1.0,1
2015-05-27,212.7,1,1.0,1
2015-05-28,212.46,1,1.0,1
2015-05-29,211.14,1,1.0,1
2015-06-01,211.57,1,1.0,1
2015-06-02,211.36,1,1.0,1
2015-06-03,211.92,1,1.0,1
2015-06-04,210.13,1,1.0,1
2015-06-05,209.77,1,1.0,1
2015-06-08,208.42,1,1.0,1
2015-06-09,208.45,1,1.0,1
2015-06-10,210.96,1,1.0,1
2015-06-11,211.65,1,1.0,1
2015-06-12,209.93,1,1.0,1
2015-06-15,209.1,1,1.0,1
2015-06-16,210.25,1,1.0,1
2015-06-17,210.59,1,1.0,1
2015-06-18,212.71,1,1.0,1
2015-06-19,210.81,1,1.0,1
2015-06-22,211.89,1,1.0,1
2015-06-23,212.05,1,1.0,1
2015-06-24,210.51,1,1.0,1
2015-06-25,209.83,1,1.0,1
2015-06-26,209.9,0,1.0,0
2015-06-29,205.47,0,1.0,0
2015-06-30,205.89,0,1.0,0
2015-07-01,207.57,0,1.0,0
2015-07-02,207.32,0,1.0,0
2015-07-06,206.67,0,1.0,0
2015-07-07,208.01,0,1.0,0
2015-07-08,204.53,0,1.0,0
2015-07-09,204.8,1,1.0,1
2015-07-10,207.48,1,1.0,1
2015-07-13,209.76,1,1.0,1
2015-07-14,210.72,1,1.0,1
2015-07-15,210.63,1,1.0,1
2015-07-16,212.27,1,1.0,1
2015-07-17,212.47,1,1.0,1
2015-07-20,212.62,1,1.0,1
2015-07-21,211.76,1,1.0,1
2015-07-22,211.29,1,1.0,1
2015-07-23,210.14,1,1.0,1
2015-07-24,207.94,1,1.0,1
2015-07-27,206.74,1,1.0,1
2015-07-28,209.31,1,1.0,1
2015-07-29,210.77,1,1.0,1
2015-07-30,210.82,1,1.0,1
2015-07-31,210.45,1,1.0,1
2015-08-03,209.73,1,1.0,1
2015-08-04,209.32,1,1.0,1
2015-08-05,210.1,1,1.0,1
2015-08-06,208.35,1,1.0,1
2015-08-07,207.92,1,1.0,1
2015-08-10,210.63,1,0.0,0
2015-08-11,208.66,1,0.0,0
2015-08-12,208.92,1,-1.0,0
2015-08-13,208.7,1,-1.0,0
2015-08-14,209.36,1,-1.0,0
2015-08-17,210.56,1,-1.0,0
2015-08-18,209.93,0,-1.0,0
2015-08-19,208.28,0,-1.0,0
2015-08-20,204.01,-1,-1.0,-1
2015-08-21,197.63,-1,-1.0,-1
2015-08-24,189.5,-1,-1.0,-1
2015-08-25,187.23,-1,-1.0,-1
2015-08-26,194.68,-1,0.0,0
2015-08-27,199.16,-1,0.0,0
2015-08-28,199.24,-1,1.0,0
2015-08-31,197.54,-1,1.0,0
2015-09-01,191.77,-1,1.0,0
2015-09-02,195.41,-1,1.0,0
2015-09-03,195.65,-1,1.0,0
2015-09-04,192.59,-1,1.0,0
2015-09-08,197.46,-1,1.0,0
2015-09-09,194.76,-1,1.0,0
2015-09-10,195.85,-1,1.0,0
2015-09-11,196.74,-1,1.0,0
2015-09-14,195.98,-1,1.0,0
2015-09-15,198.45,-1,1.0,0
2015-09-16,200.14,-1,1.0,0
2015-09-17,199.7,-1,1.0,0
2015-09-18,195.36,-1,1.0,0
2015-09-21,196.44,-1,1.0,0
2015-09-22,193.9,-1,1.0,0
2015-09-23,193.6,-1,1.0,0
2015-09-24,192.93,-1,1.0,0
2015-09-25,192.87,-1,1.0,0
2015-09-28,187.91,-1,1.0,0
2015-09-29,188.08,-1,1.0,0
2015-09-30,191.59,-1,1.0,0
2015-10-01,192.13,-1,1.0,0
2015-10-02,195.0,-1,1.0,0
2015-10-05,198.47,-1,1.0,0
2015-10-06,197.79,0,1.0,0
2015-10-07,199.41,0,1.0,0
2015-10-08,201.21,0,1.0,0
2015-10-09,201.33,1,1.0,1
2015-10-12,201.52,1,1.0,1
2015-10-13,200.25,1,1.0,1
2015-10-14,199.29,1,1.0,1
2015-10-15,202.35,1,1.0,1
2015-10-16,203.27,1,1.0,1
2015-10-19,203.37,1,1.0,1
2015-10-20,203.11,1,1.0,1
2015-10-21,201.85,1,1.0,1
2015-10-22,205.21,1,1.0,1
2015-10-23,207.52,1,1.0,1
2015-10-26,206.99,1,1.0,1
2015-10-27,206.57,1,1.0,1
2015-10-28,208.94,1,1.0,1
2015-10-29,208.89,1,1.0,1
2015-10-30,207.93,1,1.0,1
2015-11-02,210.39,1,1.0,1
2015-11-03,211.0,1,1.0,1
2015-11-04,210.38,1,1.0,1
2015-11-05,210.15,1,1.0,1
2015-11-06,210.04,1,1.0,1
2015-11-09,208.08,1,1.0,1
2015-11-10,208.56,1,1.0,1
2015-11-11,207.74,1,1.0,1
2015-11-12,204.84,0,1.0,0
2015-11-13,202.54,0,1.0,0
2015-11-16,205.62,0,1.0,0
2015-11-17,205.47,0,1.0,0
2015-11-18,208.73,0,1.0,0
2015-11-19,208.55,1,1.0,1
2015-11-20,209.31,1,1.0,1
2015-11-23,209.07,1,1.0,1
2015-11-24,209.35,1,1.0,1
2015-11-25,209.32,1,1.0,1
2015-11-27,209.56,1,1.0,1
2015-11-30,208.69,0,1.0,0
2015-12-01,210.68,0,1.0,0
2015-12-02,208.53,0,1.0,0
2015-12-03,205.61,-1,1.0,0
2015-12-04,209.62,-1,1.0,0
2015-12-07,208.35,-1,1.0,0
2015-12-08,206.95,-1,1.0,0
2015-12-09,205.34,-1,1.0,0
2015-12-10,205.87,-1,1.0,0
2015-12-11,201.88,-1,1.0,0
2015-12-14,202.9,-1,1.0,0
2015-12-15,205.03,-1,1.0,0
2015-12-16,208.03,-1,1.0,0
2015-12-17,204.86,-1,1.0,0
2015-12-18,200.02,-1,1.0,0
2015-12-21,201.67,-1,1.0,0
2015-12-22,203.5,-1,1.0,0
2015-12-23,206.02,-1,1.0,0
2015-12-24,205.68,-1,1.0,0
2015-12-28,205.21,-1,0.0,0
2015-12-29,207.4,-1,0.0,0
2015-12-30,205.93,-1,-1.0,-1
2015-12-31,203.87,-1,-1.0,-1
2016-01-04,201.02,-1,-1.0,-1
2016-01-05,201.36,-1,-1.0,-1
2016-01-06,198.82,-1,-1.0,-1
2016-01-07,194.05,-1,-1.0,-1
2016-01-08,191.92,-1,-1.0,-1
2016-01-11,192.11,-1,-1.0,-1
2016-01-12,193.66,-1,-1.0,-1
2016-01-13,188.83,-1,-1.0,-1
2016-01-14,191.93,-1,-1.0,-1
2016-01-15,187.81,-1,0.0,0
2016-01-19,188.06,-1,0.0,0
2016-01-20,185.65,-1,1.0,0
2016-01-21,186.69,-1,1.0,0
2016-01-22,190.52,-1,1.0,0
2016-01-25,187.64,-1,1.0,0
2016-01-26,190.2,-1,1.0,0
2016-01-27,188.13,-1,1.0,0
2016-01-28,189.11,-1,1.0,0
2016-01-29,193.72,-1,1.0,0
2016-02-01,193.65,-1,1.0,0
2016-02-02,190.16,-1,1.0,0
2016-02-03,191.3,-1,1.0,0
2016-02-04,191.6,-1,1.0,0
2016-02-05,187.95,-1,1.0,0
2016-02-08,185.42,-1,1.0,0
2016-02-09,185.43,-1,1.0,0
2016-02-10,185.27,-1,1.0,0
2016-02-11,182.86,-1,1.0,0
2016-02-12,186.63,-1,1.0,0
2016-02-16,189.78,-1,1.0,0
2016-02-17,192.88,-1,1.0,0
2016-02-18,192.09,-1,1.0,0
2016-02-19,192.0,-1,1.0,0
2016-02-22,194.78,-1,1.0,0
2016-02-23,192.32,-1,1.0,0
2016-02-24,193.2,-1,1.0,0
2016-02-25,195.54,-1,1.0,0
2016-02-26,195.09,-1,1.0,0
2016-02-29,193.56,-1,1.0,0
2016-03-01,198.11,-1,1.0,0
2016-03-02,199.0,0,1.0,0
2016-03-03,199.78,1,1.0,1
2016-03-04,200.43,1,1.0,1
2016-03-07,200.59,1,1.0,1
2016-03-08,198.4,1,1.0,1
2016-03-09,199.38,1,1.0,1
2016-03-10,199.54,1,1.0,1
2016-03-11,202.76,1,1.0,1
2016-03-14,202.5,1,1.0,1
2016-03-15,202.17,1,1.0,1
2016-03-16,203.34,1,1.0,1
2016-03-17,204.63,1,1.0,1
2016-03-18,204.38,1,1.0,1
2016-03-21,204.67,1,1.0,1
2016-03-22,204.56,1,1.0,1
2016-03-23,203.21,1,1.0,1
2016-03-24,203.12,1,1.0,1
2016-03-28,203.24,1,1.0,1
2016-03-29,205.12,1,1.0,1
2016-03-30,206.02,1,1.0,1
2016-03-31,205.52,1,1.0,1
2016-04-01,206.92,1,1.0,1
2016-04-04,206.25,1,1.0,1
2016-04-05,204.19,1,1.0,1
2016-04-06,206.42,1,1.0,1
2016-04-07,203.95,1,1.0,1
2016-04-08,204.5,1,1.0,1
2016-04-11,204.02,1,1.0,1
2016-04-12,205.92,1,1.0,1
2016-04-13,208.0,1,1.0,1
2016-04-14,208.01,1,1.0,1
2016-04-15,207.78,1,1.0,1
2016-04-18,209.24,1,1.0,1
2016-04-19,209.9,1,1.0,1
2016-04-20,210.1,1,1.0,1
2016-04-21,208.97,1,1.0,1
2016-04-22,208.97,1,1.0,1
2016-04-25,208.61,1,1.0,1
2016-04-26,208.92,1,1.0,1
2016-04-27,209.35,1,1.0,1
2016-04-28,207.45,1,1.0,1
2016-04-29,206.33,1,1.0,1
2016-05-02,207.97,1,1.0,1
2016-05-03,206.16,1,1.0,1
2016-05-04,205.01,1,1.0,1
2016-05-05,204.97,1,1.0,1
2016-05-06,205.72,1,1.0,1
2016-05-09,205.89,1,1.0,1
2016-05-10,208.45,1,1.0,1
2016-05-11,206.5,1,1.0,1
2016-05-12,206.56,1,1.0,1
2016-05-13,204.76,1,1.0,1
2016-05-16,206.78,1,1.0,1
2016-05-17,204.85,1,1.0,1
2016-05-18,204.91,1,1.0,1
2016-05-19,204.2,1,1.0,1
2016-05-20,205.49,1,1.0,1
2016-05-23,205.21,1,1.0,1
2016-05-24,207.87,1,1.0,1
2016-05-25,209.28,1,1.0,1
2016-05-26,209.34,1,1.0,1
2016-05-27,210.24,1,1.0,1
2016-05-31,209.84,1,1.0,1
2016-06-01,210.27,1,1.0,1
2016-06-02,210.91,1,1.0,1
2016-06-03,210.28,1,1.0,1
2016-06-06,211.35,1,1.0,1
2016-06-07,211.68,1,1.0,1
2016-06-08,212.37,1,1.0,1
2016-06-09,212.08,1,1.0,1
2016-06-10,210.07,1,1.0,1
2016-06-13,208.45,1,1.0,1
2016-06-14,208.04,1,1.0,1
2016-06-15,207.75,1,1.0,1
2016-06-16,208.37,1,1.0,1
2016-06-17,206.52,1,1.0,1
2016-06-20,207.85,1,1.0,1
2016-06-21,208.44,1,1.0,1
2016-06-22,208.1,0,1.0,0
2016-06-23,210.81,0,1.0,0
2016-06-24,203.24,-1,1.0,0
2016-06-27,199.6,-1,1.0,0
2016-06-28,203.2,-1,1.0,0
2016-06-29,206.66,-1,1.0,0
2016-06-30,209.48,-1,1.0,0
2016-07-01,209.92,0,1.0,0
2016-07-05,208.41,0,1.0,0
2016-07-06,209.66,1,1.0,1
2016-07-07,209.53,1,1.0,1
2016-07-08,212.65,1,1.0,1
2016-07-11,213.4,1,1.0,1
2016-07-12,214.95,1,1.0,1
2016-07-13,214.92,1,1.0,1
2016-07-14,216.12,1,1.0,1
2016-07-15,215.83,1,1.0,1
2016-07-18,216.41,1,1.0,1
2016-07-19,216.19,1,1.0,1
2016-07-20,217.09,1,1.0,1
2016-07-21,216.27,1,1.0,1
2016-07-22,217.24,1,1.0,1
2016-07-25,216.65,1,1.0,1
2016-07-26,216.75,1,1.0,1
2016-07-27,216.52,1,1.0,1
2016-07-28,216.77,1,1.0,1
2016-07-29,217.12,1,1.0,1
2016-08-01,216.94,1,1.0,1
2016-08-02,215.55,1,1.0,1
2016-08-03,216.18,1,1.0,1
2016-08-04,216.41,1,1.0,1
2016-08-05,218.18,1,1.0,1
2016-08-08,218.05,1,1.0,1
2016-08-09,218.18,1,1.0,1
2016-08-10,217.64,1,1.0,1
2016-08-11,218.65,1,1.0,1
2016-08-12,218.46,1,1.0,1
2016-08-15,219.09,1,1.0,1
2016-08-16,217.96,1,1.0,1
2016-08-17,218.37,1,1.0,1
2016-08-18,218.86,1,1.0,1
2016-08-19,218.54,1,1.0,1
2016-08-22,218.53,1,1.0,1
2016-08-23,218.97,1,1.0,1
2016-08-24,217.85,1,1.0,1
2016-08-25,217.7,1,1.0,1
2016-08-26,217.29,1,1.0,1
2016-08-29,218.36,1,1.0,1
2016-08-30,218.0,1,1.0,1
2016-08-31,217.38,1,1.0,1
2016-09-01,217.39,1,1.0,1
2016-09-02,218.37,1,1.0,1
2016-09-06,219.03,1,1.0,1
2016-09-07,219.01,1,1.0,1
2016-09-08,218.51,0,1.0,0
2016-09-09,213.28,-1,1.0,0
2016-09-12,216.34,-1,1.0,0
2016-09-13,213.23,-1,1.0,0
2016-09-14,213.15,0,1.0,0
2016-09-15,215.28,0,1.0,0
2016-09-16,213.37,0,1.0,0
2016-09-19,213.41,1,1.0,1
2016-09-20,213.42,1,1.0,1
2016-09-21,215.82,1,1.0,1
2016-09-22,217.18,1,1.0,1
2016-09-23,215.99,1,1.0,1
2016-09-26,214.24,1,1.0,1
2016-09-27,215.57,1,1.0,1
2016-09-28,216.64,1,1.0,1
2016-09-29,214.68,1,1.0,1
2016-09-30,216.3,1,1.0,1
2016-10-03,215.78,1,1.0,1
2016-10-04,214.68,1,1.0,1
2016-10-05,215.63,1,1.0,1
2016-10-06,215.78,1,1.0,1
2016-10-07,215.04,1,1.0,1
2016-10-10,216.16,1,1.0,1
2016-10-11,213.43,1,1.0,1
2016-10-12,213.71,1,1.0,1
2016-10-13,213.01,1,1.0,1
2016-10-14,213.12,1,1.0,1
2016-10-17,212.38,1,1.0,1
2016-10-18,213.71,1,1.0,1
2016-10-19,214.28,1,1.0,1
2016-10-20,213.88,1,1.0,1
2016-10-21,213.98,1,1.0,1
2016-10-24,214.89,1,1.0,1
2016-10-25,214.17,1,1.0,1
2016-10-26,213.74,1,1.0,1
2016-10-27,213.17,1,1.0,1
2016-10-28,212.54,1,1.0,1
2016-10-31,212.55,1,1.0,1
2016-11-01,211.01,1,1.0,1
2016-11-02,209.74,1,1.0,1
2016-11-03,208.78,1,1.0,1
2016-11-04,208.55,1,1.0,1
2016-11-07,213.15,0,1.0,0
2016-11-08,214.11,1,1.0,1
2016-11-09,216.38,1,1.0,1
2016-11-10,216.92,1,1.0,1
2016-11-11,216.42,1,1.0,1
2016-11-14,216.59,1,1.0,1
2016-11-15,218.28,1,1.0,1
2016-11-16,217.87,1,1.0,1
2016-11-17,218.99,1,1.0,1
2016-11-18,218.5,1,1.0,1
2016-11-21,220.15,1,1.0,1
2016-11-22,220.58,1,1.0,1
2016-11-23,220.7,1,1.0,1
2016-11-25,221.52,1,1.0,1
2016-11-28,220.48,1,1.0,1
2016-11-29,220.91,1,1.0,1
2016-11-30,220.38,1,1.0,1
2016-12-01,219.57,1,1.0,1
2016-12-02,219.68,1,1.0,1
2016-12-05,221.0,1,1.0,1
2016-12-06,221.7,1,1.0,1
2016-12-07,224.6,1,1.0,1
2016-12-08,225.15,1,1.0,1
2016-12-09,226.51,1,1.0,1
2016-12-12,226.25,1,1.0,1
2016-12-13,227.76,1,1.0,1
2016-12-14,225.88,1,1.0,1
2016-12-15,226.81,1,1.0,1
2016-12-16,225.04,1,1.0,1
2016-12-19,225.53,1,1.0,1
2016-12-20,226.4,1,1.0,1
2016-12-21,225.77,1,1.0,1
2016-12-22,225.38,1,1.0,1
2016-12-23,225.71,1,1.0,1
2016-12-27,226.27,1,1.0,1
2016-12-28,224.4,1,1.0,1
2016-12-29,224.35,1,1.0,1
2016-12-30,223.53,1,1.0,1
2017-01-03,225.24,1,1.0,1
2017-01-04,226.58,1,1.0,1
2017-01-05,226.4,1,1.0,1
2017-01-06,227.21,1,1.0,1
2017-01-09,226.46,1,1.0,1
2017-01-10,226.46,1,1.0,1
2017-01-11,227.1,1,1.0,1
2017-01-12,226.53,1,1.0,1
2017-01-13,227.05,1,1.0,1
2017-01-17,226.25,1,1.0,1
2017-01-18,226.75,1,1.0,1
2017-01-19,225.91,1,1.0,1
2017-01-20,226.74,1,1.0,1
2017-01-23,226.15,1,1.0,1
2017-01-24,227.6,1,1.0,1
2017-01-25,229.57,1,1.0,1
2017-01-26,229.33,1,1.0,1
2017-01-27,228.97,1,1.0,1
2017-01-30,227.55,1,1.0,1
2017-01-31,227.53,1,1.0,1
2017-02-01,227.62,1,1.0,1
2017-02-02,227.77,1,1.0,1
2017-02-03,229.34,1,1.0,1
2017-02-06,228.93,1,1.0,1
2017-02-07,228.94,1,1.0,1
2017-02-08,229.24,1,1.0,1
2017-02-09,230.6,1,1.0,1
2017-02-10,231.51,1,1.0,1
2017-02-13,232.77,1,1.0,1
2017-02-14,233.7,1,1.0,1
2017-02-15,234.92,1,1.0,1
2017-02-16,234.72,1,1.0,1
2017-02-17,235.09,1,1.0,1
2017-02-21,236.49,1,1.0,1
2017-02-22,236.28,1,1.0,1
2017-02-23,236.44,1,1.0,1
2017-02-24,236.74,1,1.0,1
2017-02-27,237.11,1,1.0,1
2017-02-28,236.47,1,1.0,1
2017-03-01,239.78,1,1.0,1
2017-03-02,238.27,1,1.0,1
2017-03-03,238.42,1,1.0,1
2017-03-06,237.71,1,1.0,1
2017-03-07,237.0,1,1.0,1
2017-03-08,236.56,1,1.0,1
2017-03-09,236.86,1,1.0,1
2017-03-10,237.69,1,1.0,1
2017-03-13,237.81,1,1.0,1
2017-03-14,236.9,1,1.0,1
2017-03-15,238.95,1,1.0,1
2017-03-16,238.48,1,1.0,1
2017-03-17,237.03,1,1.0,1
2017-03-20,236.77,1,1.0,1
2017-03-21,233.73,1,1.0,1
2017-03-22,234.28,1,1.0,1
2017-03-23,234.03,1,1.0,1
2017-03-24,233.86,1,1.0,1
2017-03-27,233.62,1,1.0,1
2017-03-28,235.32,1,1.0,1
2017-03-29,235.54,1,1.0,1
2017-03-30,236.29,1,1.0,1
2017-03-31,235.74,1,1.0,1
2017-04-03,235.33,1,1.0,1
2017-04-04,235.48,1,1.0,1
2017-04-05,234.78,1,1.0,1
2017-04-06,235.44,1,1.0,1
2017-04-07,235.2,1,1.0,1
2017-04-10,235.34,1,1.0,1
2017-04-11,235.06,1,1.0,1
2017-04-12,234.03,1,1.0,1
2017-04-13,232.51,1,1.0,1
2017-04-17,234.57,1,1.0,1
2017-04-18,233.87,1,1.0,1
2017-04-19,233.44,1,1.0,1
2017-04-20,235.34,1,1.0,1
2017-04-21,234.59,1,1.0,1
2017-04-24,237.17,1,1.0,1
2017-04-25,238.55,1,1.0,1
2017-04-26,238.4,1,1.0,1
2017-04-27,238.6,1,1.0,1
2017-04-28,238.08,1,1.0,1
2017-05-01,238.68,1,1.0,1
2017-05-02,238.77,1,1.0,1
2017-05-03,238.48,1,1.0,1
2017-05-04,238.76,1,1.0,1
2017-05-05,239.7,1,1.0,1
2017-05-08,239.66,1,1.0,1
2017-05-09,239.44,1,1.0,1
2017-05-10,239.87,1,1.0,1
2017-05-11,239.38,1,1.0,1
2017-05-12,238.98,1,1.0,1
2017-05-15,240.3,1,1.0,1
2017-05-16,240.08,1,1.0,1
2017-05-17,235.82,1,1.0,1
2017-05-18,236.77,1,1.0,1
2017-05-19,238.31,1,1.0,1
2017-05-22,239.52,1,1.0,1
2017-05-23,240.05,1,1.0,1
2017-05-24,240.61,1,1.0,1
2017-05-25,241.76,1,1.0,1
2017-05-26,241.71,1,1.0,1
2017-05-30,241.5,1,1.0,1
2017-05-31,241.44,1,1.0,1
2017-06-01,243.36,1,1.0,1
2017-06-02,244.17,1,1.0,1
2017-06-05,243.99,1,1.0,1
2017-06-06,243.21,1,1.0,1
2017-06-07,243.66,1,1.0,1
2017-06-08,243.78,1,1.0,1
2017-06-09,243.41,1,1.0,1
2017-06-12,243.36,1,1.0,1
2017-06-13,244.55,1,1.0,1
2017-06-14,244.24,1,1.0,1
2017-06-15,243.77,1,1.0,1
2017-06-16,242.64,1,1.0,1
2017-06-19,244.66,1,1.0,1
2017-06-20,243.01,1,1.0,1
2017-06-21,242.95,1,1.0,1
2017-06-22,242.84,1,1.0,1
2017-06-23,243.13,1,1.0,1
2017-06-26,243.29,1,1.0,1
2017-06-27,241.33,1,1.0,1
2017-06-28,243.49,1,1.0,1
2017-06-29,241.35,1,1.0,1
2017-06-30,241.8,1,1.0,1
2017-07-03,242.21,1,1.0,1
2017-07-05,242.77,1,1.0,1
2017-07-06,240.55,1,1.0,1
2017-07-07,242.11,1,1.0,1
2017-07-10,242.37,1,1.0,1
2017-07-11,242.19,1,1.0,1
2017-07-12,244.01,1,1.0,1
2017-07-13,244.42,1,1.0,1
2017-07-14,245.56,1,1.0,1
2017-07-17,245.53,1,1.0,1
2017-07-18,245.66,1,1.0,1
2017-07-19,246.99,1,1.0,1
2017-07-20,247.1,1,1.0,1
2017-07-21,246.88,1,1.0,1
2017-07-24,246.82,1,1.0,1
2017-07-25,247.42,1,1.0,1
2017-07-26,247.43,1,1.0,1
2017-07-27,247.2,1,1.0,1
2017-07-28,246.91,1,1.0,1
2017-07-31,246.77,1,1.0,1
2017-08-01,247.32,1,1.0,1
2017-08-02,247.44,1,1.0,1
2017-08-03,246.96,1,1.0,1
2017-08-04,247.41,1,1.0,1
2017-08-07,247.87,1,1.0,1
2017-08-08,247.26,1,1.0,1
2017-08-09,247.25,1,1.0,1
2017-08-10,243.76,1,1.0,1
2017-08-11,244.12,1,1.0,1
2017-08-14,246.54,1,1.0,1
2017-08-15,246.51,1,1.0,1
2017-08-16,246.94,1,1.0,1
2017-08-17,243.09,1,1.0,1
2017-08-18,242.71,1,1.0,1
2017-08-21,242.9,1,1.0,1
2017-08-22,245.44,1,1.0,1
2017-08-23,244.56,1,1.0,1
2017-08-24,243.99,1,1.0,1
2017-08-25,244.56,1,1.0,1
2017-08-28,244.57,1,1.0,1
2017-08-29,244.85,1,1.0,1
2017-08-30,246.01,1,1.0,1
2017-08-31,247.49,1,1.0,1
2017-09-01,247.84,1,1.0,1
2017-09-05,246.06,1,1.0,1
2017-09-06,246.9,1,1.0,1
2017-09-07,246.87,1,1.0,1
2017-09-08,246.58,1,1.0,1
2017-09-11,249.21,1,1.0,1
2017-09-12,250.05,1,1.0,1
2017-09-13,250.17,1,1.0,1
2017-09-14,250.09,1,1.0,1
2017-09-15,249.19,1,1.0,1
2017-09-18,249.72,1,1.0,1
2017-09-19,249.97,1,1.0,1
2017-09-20,250.06,1,1.0,1
2017-09-21,249.39,1,1.0,1
2017-09-22,249.44,1,1.0,1
2017-09-25,248.93,1,1.0,1
2017-09-26,249.08,1,1.0,1
2017-09-27,250.05,1,1.0,1
2017-09-28,250.35,1,1.0,1
2017-09-29,251.23,1,1.0,1
2017-10-02,252.32,1,1.0,1
2017-10-03,252.86,1,1.0,1
2017-10-04,253.16,1,1.0,1
2017-10-05,254.66,1,1.0,1
2017-10-06,254.37,1,1.0,1
2017-10-09,253.95,1,1.0,1
2017-10-10,254.62,1,1.0,1
2017-10-11,255.02,1,1.0,1
2017-10-12,254.64,1,1.0,1
2017-10-13,254.95,1,1.0,1
2017-10-16,255.29,1,1.0,1
2017-10-17,255.47,1,1.0,1
2017-10-18,255.72,1,1.0,1
2017-10-19,255.79,1,1.0,1
2017-10-20,257.11,1,1.0,1
2017-10-23,256.11,1,1.0,1
2017-10-24,256.56,1,1.0,1
2017-10-25,255.29,1,1.0,1
2017-10-26,255.62,1,1.0,1
2017-10-27,257.71,1,1.0,1
2017-10-30,256.75,1,1.0,1
2017-10-31,257.15,1,1.0,1
2017-11-01,257.49,1,1.0,1
2017-11-02,257.59,1,1.0,1
2017-11-03,258.45,1,1.0,1
2017-11-06,258.85,1,1.0,1
2017-11-07,258.67,1,1.0,1
2017-11-08,259.11,1,1.0,1
2017-11-09,258.17,1,1.0,1
2017-11-10,258.09,1,1.0,1
2017-11-13,258.33,1,1.0,1
2017-11-14,257.73,1,1.0,1
2017-11-15,256.44,1,1.0,1
2017-11-16,258.62,1,1.0,1
2017-11-17,257.86,1,1.0,1
2017-11-20,258.3,1,1.0,1
2017-11-21,259.99,1,1.0,1
2017-11-22,259.76,1,1.0,1
2017-11-24,260.36,1,1.0,1
2017-11-27,260.23,1,1.0,1
2017-11-28,262.87,1,1.0,1
2017-11-29,262.71,1,1.0,1
2017-11-30,265.01,1,1.0,1
2017-12-01,264.46,1,1.0,1
2017-12-04,264.14,1,1.0,1
2017-12-05,263.19,1,1.0,1
2017-12-06,263.24,1,1.0,1
2017-12-07,264.07,1,1.0,1
2017-12-08,265.51,1,1.0,1
2017-12-11,266.31,1,1.0,1
2017-12-12,266.78,1,1.0,1
2017-12-13,266.75,1,1.0,1
2017-12-14,265.66,1,1.0,1
2017-12-15,266.51,1,1.0,1
2017-12-18,268.2,1,1.0,1
2017-12-19,267.17,1,1.0,1
2017-12-20,267.03,1,1.0,1
2017-12-21,267.58,1,1.0,1
2017-12-22,267.51,1,1.0,1
2017-12-26,267.19,1,1.0,1
2017-12-27,267.32,1,1.0,1
2017-12-28,267.87,1,1.0,1
2017-12-29,266.86,1,1.0,1
2018-01-02,268.77,1,1.0,1
2018-01-03,270.47,1,1.0,1
2018-01-04,271.61,1,1.0,1
2018-01-05,273.42,1,1.0,1
2018-01-08,273.92,1,0.0,0
2018-01-09,274.54,1,0.0,0
2018-01-10,274.12,1,0.0,0
2018-01-11,276.12,1,0.0,0
2018-01-12,277.92,1,0.0,0
2018-01-16,276.97,1,1.0,1
2018-01-17,279.61,1,1.0,1
2018-01-18,279.14,1,1.0,1
2018-01-19,280.41,1,1.0,1
2018-01-22,282.69,1,1.0,1
2018-01-23,283.29,1,1.0,1
2018-01-24,283.18,1,1.0,1
2018-01-25,283.3,1,1.0,1
2018-01-26,286.58,1,0.0,0
2018-01-29,284.68,0,-1.0,0
2018-01-30,281.76,0,-1.0,0
2018-01-31,281.9,0,-1.0,0
2018-02-01,281.58,0,-1.0,0
2018-02-02,275.45,-1,-1.0,-1
2018-02-05,263.93,-1,-1.0,-1
2018-02-06,269.13,-1,-1.0,-1
2018-02-07,267.67,-1,-1.0,-1
2018-02-08,257.63,-1,0.0,0
2018-02-09,261.5,-1,0.0,0
2018-02-12,265.34,-1,1.0,0
2018-02-13,266.0,-1,1.0,0
2018-02-14,269.59,-1,1.0,0
2018-02-15,273.03,-1,1.0,0
2018-02-16,273.11,-1,1.0,0
2018-02-20,271.4,-1,1.0,0
2018-02-21,270.05,-1,1.0,0
2018-02-22,270.4,-1,1.0,0
2018-02-23,274.71,-1,1.0,0
2018-02-26,277.9,-1,1.0,0
2018-02-27,274.43,-1,1.0,0
2018-02-28,271.65,-1,1.0,0
2018-03-01,267.7,-1,1.0,0
2018-03-02,269.08,0,1.0,0
2018-03-05,272.19,0,1.0,0
2018-03-06,272.88,0,1.0,0
2018-03-07,272.78,0,1.0,0
2018-03-08,274.1,0,1.0,0
2018-03-09,278.87,0,1.0,0
2018-03-12,278.52,0,1.0,0
2018-03-13,276.72,0,1.0,0
2018-03-14,275.3,0,0.0,0
2018-03-15,275.0,0,-1.0,0
2018-03-16,274.2,0,-1.0,0
2018-03-19,270.49,0,-1.0,0
2018-03-20,270.95,0,-1.0,0
2018-03-21,270.43,0,-1.0,0
2018-03-22,263.67,-1,-1.0,-1
2018-03-23,258.05,-1,-1.0,-1
2018-03-26,265.11,-1,-1.0,-1
2018-03-27,260.6,-1,0.0,0
2018-03-28,259.83,-1,0.0,0
2018-03-29,263.15,-1,1.0,0
2018-04-02,257.47,-1,1.0,0
2018-04-03,260.77,-1,1.0,0
2018-04-04,263.56,-1,1.0,0
2018-04-05,265.64,-1,1.0,0
2018-04-06,259.72,-1,1.0,0
2018-04-09,261.0,-1,1.0,0
2018-04-10,265.15,0,1.0,0
2018-04-11,263.76,0,1.0,0
2018-04-12,265.93,0,1.0,0
2018-04-13,265.15,1,1.0,1
2018-04-16,267.33,1,1.0,1
2018-04-17,270.19,1,1.0,1
2018-04-18,270.39,1,1.0,1
2018-04-19,268.89,1,1.0,1
2018-04-20,266.61,1,1.0,1
2018-04-23,266.57,1,1.0,1
2018-04-24,262.98,1,1.0,1
2018-04-25,263.63,1,1.0,1
2018-04-26,266.31,1,1.0,1
2018-04-27,266.56,1,1.0,1
2018-04-30,264.51,1,1.0,1
2018-05-01,264.98,1,1.0,1
2018-05-02,263.2,1,1.0,1
2018-05-03,262.62,1,1.0,1
2018-05-04,266.02,1,1.0,1
2018-05-07,266.92,1,1.0,1
2018-05-08,266.92,1,1.0,1
2018-05-09,269.5,1,1.0,1
2018-05-10,272.02,1,1.0,1
2018-05-11,272.85,1,1.0,1
2018-05-14,272.98,1,1.0,1
2018-05-15,271.1,1,1.0,1
2018-05-16,272.24,1,1.0,1
2018-05-17,272.01,1,1.0,1
2018-05-18,271.33,1,1.0,1
2018-05-21,273.37,1,1.0,1
2018-05-22,272.61,1,1.0,1
2018-05-23,273.36,1,1.0,1
2018-05-24,272.8,1,1.0,1
2018-05-25,272.15,1,1.0,1
2018-05-29,269.02,1,1.0,1
2018-05-30,272.61,1,1.0,1
2018-05-31,270.94,1,1.0,1
2018-06-01,273.6,1,1.0,1
2018-06-04,274.9,1,1.0,1
2018-06-05,275.1,1,1.0,1
2018-06-06,277.4,1,1.0,1
2018-06-07,277.37,1,1.0,1
2018-06-08,278.19,1,1.0,1
2018-06-11,278.56,1,1.0,1
2018-06-12,278.92,1,1.0,1
2018-06-13,278.03,1,1.0,1
2018-06-14,278.73,1,1.0,1
2018-06-15,277.13,1,1.0,1
2018-06-18,276.56,1,1.0,1
2018-06-19,275.5,1,1.0,1
2018-06-20,275.97,1,1.0,1
2018-06-21,274.24,1,1.0,1
2018-06-22,274.74,1,1.0,1
2018-06-25,271.0,1,1.0,1
2018-06-26,271.6,1,1.0,1
2018-06-27,269.35,1,1.0,1
2018-06-28,270.89,1,1.0,1
2018-06-29,271.28,1,1.0,1
2018-07-02,271.86,1,1.0,1
2018-07-03,270.9,1,1.0,1
2018-07-05,273.11,1,1.0,1
2018-07-06,275.42,1,1.0,1
2018-07-09,277.9,1,1.0,1
2018-07-10,278.9,1,1.0,1
2018-07-11,276.86,1,1.0,1
2018-07-12,279.37,1,1.0,1
2018-07-13,279.59,1,1.0,1
2018-07-16,279.34,1,1.0,1
2018-07-17,280.47,1,1.0,1
2018-07-18,281.06,1,1.0,1
2018-07-19,280.0,1,1.0,1
2018-07-20,279.68,1,1.0,1
2018-07-23,280.2,1,1.0,1
2018-07-24,281.61,1,1.0,1
2018-07-25,284.01,1,1.0,1
2018-07-26,283.34,1,1.0,1
2018-07-27,281.42,1,1.0,1
2018-07-30,279.95,1,1.0,1
2018-07-31,281.33,1,1.0,1
2018-08-01,280.86,1,1.0,1
2018-08-02,282.39,1,1.0,1
2018-08-03,283.6,1,1.0,1
2018-08-06,284.64,1,1.0,1
2018-08-07,285.58,1,1.0,1
2018-08-08,285.46,1,1.0,1
2018-08-09,285.07,1,1.0,1
2018-08-10,283.16,1,1.0,1
2018-08-13,282.1,1,1.0,1
2018-08-14,283.9,1,1.0,1
2018-08-15,281.78,1,1.0,1
2018-08-16,284.06,1,1.0,1
2018-08-17,285.06,1,1.0,1
2018-08-20,285.67,1,1.0,1
2018-08-21,286.34,1,1.0,1
2018-08-22,286.17,1,1.0,1
2018-08-23,285.79,1,1.0,1
2018-08-24,287.51,1,1.0,1
2018-08-27,289.78,1,1.0,1
2018-08-28,289.92,1,1.0,1
2018-08-29,291.48,1,1.0,1
2018-08-30,290.3,1,1.0,1
2018-08-31,290.31,1,1.0,1
2018-09-04,289.81,1,1.0,1
2018-09-05,289.03,1,1.0,1
2018-09-06,288.16,1,1.0,1
2018-09-07,287.6,1,1.0,1
2018-09-10,288.1,1,1.0,1
2018-09-11,289.05,1,1.0,1
2018-09-12,289.12,1,1.0,1
2018-09-13,290.83,1,1.0,1
2018-09-14,290.88,1,1.0,1
2018-09-17,289.34,1,1.0,1
2018-09-18,290.91,1,1.0,1
2018-09-19,291.22,1,1.0,1
2018-09-20,293.58,1,1.0,1
2018-09-21,291.99,1,1.0,1
2018-09-24,291.02,1,1.0,1
2018-09-25,290.75,1,1.0,1
2018-09-26,289.88,1,1.0,1
2018-09-27,290.69,1,1.0,1
2018-09-28,290.72,1,1.0,1
2018-10-01,291.73,1,1.0,1
2018-10-02,291.56,1,1.0,1
2018-10-03,291.72,1,1.0,1
2018-10-04,289.44,1,0.0,0
2018-10-05,287.82,1,-1.0,0
2018-10-08,287.82,1,-1.0,0
2018-10-09,287.4,0,-1.0,0
2018-10-10,278.3,-1,-1.0,-1
2018-10-11,272.17,-1,-1.0,-1
2018-10-12,275.95,-1,-1.0,-1
2018-10-15,274.4,-1,-1.0,-1
2018-10-16,280.4,-1,-1.0,-1
2018-10-17,280.45,-1,-1.0,-1
2018-10-18,276.4,-1,-1.0,-1
2018-10-19,276.25,-1,0.0,0
2018-10-22,275.01,-1,0.0,0
2018-10-23,273.61,-1,1.0,0
2018-10-24,265.32,-1,1.0,0
2018-10-25,270.08,-1,1.0,0
2018-10-26,265.33,-1,1.0,0
2018-10-29,263.86,-1,1.0,0
2018-10-30,267.77,-1,1.0,0
2018-10-31,270.63,-1,1.0,0
2018-11-01,273.51,-1,1.0,0
2018-11-02,271.89,-1,1.0,0
2018-11-05,273.39,-1,1.0,0
2018-11-06,275.12,-1,1.0,0
2018-11-07,281.01,-1,1.0,0
2018-11-08,280.5,-1,1.0,0
2018-11-09,277.76,-1,1.0,0
2018-11-12,272.57,-1,1.0,0
2018-11-13,272.06,-1,1.0,0
2018-11-14,270.2,-1,1.0,0
2018-11-15,273.02,-1,1.0,0
2018-11-16,273.73,-1,1.0,0
2018-11-19,269.1,-1,1.0,0
2018-11-20,264.12,-1,1.0,0
2018-11-21,265.02,-1,1.0,0
2018-11-23,263.25,-1,1.0,0
2018-11-26,267.5,-1,1.0,0
2018-11-27,268.4,-1,1.0,0
2018-11-28,274.58,-1,1.0,0
2018-11-29,273.98,-1,1.0,0
2018-11-30,275.65,-1,1.0,0
2018-12-03,279.3,-1,1.0,0
2018-12-04,270.25,-1,1.0,0
2018-12-06,269.84,-1,0.0,0
2018-12-07,263.57,-1,-1.0,-1
2018-12-10,264.07,-1,-1.0,-1
2018-12-11,264.13,-1,-1.0,-1
2018-12-12,265.46,-1,-1.0,-1
2018-12-13,265.37,-1,-1.0,-1
2018-12-14,260.47,-1,-1.0,-1
2018-12-17,255.36,-1,-1.0,-1
2018-12-18,255.08,-1,-1.0,-1
2018-12-19,251.26,-1,-1.0,-1
2018-12-20,247.17,-1,-1.0,-1
2018-12-21,240.7,-1,-1.0,-1
2018-12-24,234.34,-1,-1.0,-1
2018-12-26,246.18,-1,0.0,0
2018-12-27,248.07,-1,0.0,0
2018-12-28,247.75,-1,0.0,0
2018-12-31,249.92,-1,0.0,0
2019-01-02,250.18,-1,0.0,0
2019-01-03,244.21,-1,0.0,0
2019-01-04,252.39,-1,-1.0,-1
2019-01-07,254.38,0,-1.0,0
2019-01-08,256.77,0,-1.0,0
2019-01-09,257.97,1,-1.0,0
2019-01-10,258.88,1,-1.0,0
2019-01-11,258.98,1,0.0,0
2019-01-14,257.4,1,0.0,0
2019-01-15,260.35,1,1.0,1
2019-01-16,260.98,1,1.0,1
2019-01-17,262.96,1,1.0,1
2019-01-18,266.46,1,1.0,1
2019-01-22,262.86,1,1.0,1
2019-01-23,263.41,1,1.0,1
2019-01-24,263.55,1,1.0,1
2019-01-25,265.78,1,1.0,1
2019-01-28,263.76,1,1.0,1
2019-01-29,263.41,1,1.0,1
2019-01-30,267.58,1,1.0,1
2019-01-31,269.93,1,1.0,1
2019-02-01,270.06,1,1.0,1
2019-02-04,271.96,1,1.0,1
2019-02-05,273.1,1,1.0,1
2019-02-06,272.74,1,1.0,1
2019-02-07,270.14,1,1.0,1
2019-02-08,270.47,1,1.0,1
2019-02-11,270.62,1,1.0,1
2019-02-12,274.1,1,1.0,1
2019-02-13,274.99,1,1.0,1
2019-02-14,274.38,1,1.0,1
2019-02-15,277.37,1,1.0,1
2019-02-19,277.85,1,1.0,1
2019-02-20,278.41,1,1.0,1
2019-02-21,277.42,1,1.0,1
2019-02-22,279.14,1,1.0,1
2019-02-25,279.52,1,1.0,1
2019-02-26,279.32,1,1.0,1
2019-02-27,279.2,1,1.0,1
2019-02-28,278.68,1,1.0,1
2019-03-01,280.42,1,1.0,1
2019-03-04,279.4,1,1.0,1
2019-03-05,279.02,1,1.0,1
2019-03-06,277.33,1,1.0,1
2019-03-07,275.01,1,1.0,1
2019-03-08,274.46,1,1.0,1
2019-03-11,278.44,1,1.0,1
2019-03-12,279.49,1,1.0,1
2019-03-13,281.34,1,1.0,1
2019-03-14,281.16,1,1.0,1
2019-03-15,281.31,1,1.0,1
2019-03-18,282.33,1,1.0,1
2019-03-19,282.4,1,1.0,1
2019-03-20,281.55,1,1.0,1
2019-03-21,284.73,1,1.0,1
2019-03-22,279.25,0,1.0,0
2019-03-25,279.04,1,1.0,1
2019-03-26,281.12,1,1.0,1
2019-03-27,279.65,1,1.0,1
2019-03-28,280.71,1,1.0,1
2019-03-29,282.48,1,1.0,1
2019-04-01,285.83,1,1.0,1
2019-04-02,285.97,1,1.0,1
2019-04-03,286.42,1,1.0,1
2019-04-04,287.18,1,1.0,1
2019-04-05,288.57,1,1.0,1
2019-04-08,288.79,1,1.0,1
2019-04-09,287.31,1,1.0,1
2019-04-10,288.29,1,1.0,1
2019-04-11,288.21,1,1.0,1
2019-04-12,290.16,1,1.0,1
2019-04-15,289.97,1,1.0,1
2019-04-16,290.16,1,1.0,1
2019-04-17,289.45,1,1.0,1
2019-04-18,290.02,1,1.0,1
2019-04-22,290.27,1,1.0,1
2019-04-23,292.88,1,1.0,1
2019-04-24,292.23,1,1.0,1
2019-04-25,292.05,1,1.0,1
2019-04-26,293.41,1,1.0,1
2019-04-29,293.87,1,1.0,1
2019-04-30,294.02,1,1.0,1
2019-05-01,291.81,1,1.0,1
2019-05-02,291.18,1,1.0,1
2019-05-03,294.03,0,1.0,0
2019-05-06,292.82,0,1.0,0
2019-05-07,287.93,0,1.0,0
2019-05-08,287.53,0,1.0,0
2019-05-09,286.66,0,1.0,0
2019-05-10,288.1,0,1.0,0
2019-05-13,280.86,-1,1.0,0
2019-05-14,283.4,-1,1.0,0
2019-05-15,285.06,0,1.0,0
2019-05-16,287.7,0,1.0,0
2019-05-17,285.84,0,1.0,0
2019-05-20,283.95,0,1.0,0
2019-05-21,286.51,0,1.0,0
2019-05-22,285.63,0,1.0,0
2019-05-23,282.14,0,1.0,0
2019-05-24,282.78,0,1.0,0
2019-05-28,280.15,0,1.0,0
2019-05-29,278.27,0,1.0,0
2019-05-30,279.03,0,1.0,0
2019-05-31,275.27,0,1.0,0
2019-06-03,274.57,0,1.0,0
2019-06-04,280.53,0,1.0,0
2019-06-05,282.96,0,1.0,0
2019-06-06,284.8,0,1.0,0
2019-06-07,287.65,1,1.0,1
2019-06-10,288.97,1,1.0,1
2019-06-11,288.9,1,1.0,1
2019-06-12,288.39,1,1.0,1
2019-06-13,289.58,1,1.0,1
2019-06-14,289.26,1,1.0,1
2019-06-17,289.37,1,1.0,1
2019-06-18,292.4,1,1.0,1
2019-06-19,293.06,1,1.0,1
2019-06-20,295.86,1,1.0,1
2019-06-21,294.0,1,1.0,1
2019-06-24,293.64,1,1.0,1
2019-06-25,290.76,1,1.0,1
2019-06-26,290.47,1,1.0,1
2019-06-27,291.5,1,1.0,1
2019-06-28,293.0,1,1.0,1
2019-07-01,295.66,1,1.0,1
2019-07-02,296.43,1,1.0,1
2019-07-03,298.8,1,1.0,1
2019-07-05,298.46,1,1.0,1
2019-07-08,296.82,1,1.0,1
2019-07-09,297.19,1,1.0,1
2019-07-10,298.61,1,1.0,1
2019-07-11,299.31,1,1.0,1
2019-07-12,300.65,1,1.0,1
2019-07-15,300.75,1,1.0,1
2019-07-16,299.78,1,1.0,1
2019-07-17,297.74,1,1.0,1
2019-07-18,298.83,1,1.0,1
2019-07-19,297.17,1,1.0,1
2019-07-22,297.9,1,1.0,1
2019-07-23,300.03,1,1.0,1
2019-07-24,301.44,1,1.0,1
2019-07-25,300.0,1,1.0,1
2019-07-26,302.01,1,1.0,1
2019-07-29,301.46,1,1.0,1
2019-07-30,300.72,0,1.0,0
2019-07-31,297.43,0,1.0,0
2019-08-01,294.84,0,1.0,0
2019-08-02,292.62,-1,1.0,0
2019-08-05,283.82,-1,1.0,0
2019-08-06,287.8,-1,1.0,0
2019-08-07,287.97,-1,1.0,0
2019-08-08,293.62,-1,1.0,0
2019-08-09,291.62,-1,1.0,0
2019-08-12,288.07,-1,1.0,0
2019-08-13,292.55,-1,1.0,0
2019-08-14,283.9,-1,1.0,0
2019-08-15,284.65,-1,1.0,0
2019-08-16,288.85,-1,1.0,0
2019-08-19,292.33,-1,1.0,0
2019-08-20,290.09,-1,1.0,0
2019-08-21,292.45,-1,1.0,0
2019-08-22,292.36,-1,1.0,0
2019-08-23,284.85,-1,1.0,0
2019-08-26,288.0,0,1.0,0
2019-08-27,286.87,0,1.0,0
2019-08-28,288.89,0,1.0,0
2019-08-29,292.58,0,1.0,0
2019-08-30,292.45,1,1.0,1
2019-09-03,290.74,1,1.0,1
2019-09-04,294.04,1,1.0,1
2019-09-05,297.82,1,1.0,1
2019-09-06,298.05,1,1.0,1
2019-09-09,298.2,1,1.0,1
2019-09-10,298.13,1,1.0,1
2019-09-11,300.25,1,1.0,1
2019-09-12,301.29,1,1.0,1
2019-09-13,301.09,1,1.0,1
2019-09-16,300.16,1,1.0,1
2019-09-17,300.92,1,1.0,1
2019-09-18,301.1,1,1.0,1
2019-09-19,301.08,1,1.0,1
2019-09-20,298.28,1,1.0,1
2019-09-23,298.21,1,1.0,1
2019-09-24,295.87,1,1.0,1
2019-09-25,297.62,1,1.0,1
2019-09-26,297.0,1,1.0,1
2019-09-27,295.4,1,1.0,1
2019-09-30,296.77,0,1.0,0
2019-10-01,293.24,0,1.0,0
2019-10-02,288.06,-1,1.0,0
2019-10-03,290.42,-1,1.0,0
2019-10-04,294.35,-1,1.0,0
2019-10-07,293.08,0,1.0,0
2019-10-08,288.53,0,1.0,0
2019-10-09,291.27,0,1.0,0
2019-10-10,293.24,0,1.0,0
2019-10-11,296.28,1,1.0,1
2019-10-14,295.95,1,1.0,1
2019-10-15,298.88,1,1.0,1
2019-10-16,298.4,1,1.0,1
2019-10-17,299.28,1,1.0,1
2019-10-18,297.97,1,1.0,1
2019-10-21,299.99,1,1.0,1
2019-10-22,299.01,1,1.0,1
2019-10-23,299.88,1,1.0,1
2019-10-24,300.37,1,1.0,1
2019-10-25,301.6,1,1.0,1
2019-10-28,303.3,1,1.0,1
2019-10-29,303.21,1,1.0,1
2019-10-30,304.14,1,1.0,1
2019-10-31,303.33,1,1.0,1
2019-11-01,306.14,1,1.0,1
2019-11-04,307.37,1,1.0,1
2019-11-05,307.03,1,1.0,1
2019-11-06,307.1,1,1.0,1
2019-11-07,308.18,1,1.0,1
2019-11-08,308.94,1,1.0,1
2019-11-11,308.35,1,1.0,1
2019-11-12,309.0,1,1.0,1
2019-11-13,309.1,1,1.0,1
2019-11-14,309.55,1,1.0,1
2019-11-15,311.79,1,1.0,1
2019-11-18,312.02,1,1.0,1
2019-11-19,311.93,1,1.0,1
2019-11-20,310.77,1,1.0,1
2019-11-21,310.27,1,1.0,1
2019-11-22,310.96,1,1.0,1
2019-11-25,313.37,1,1.0,1
2019-11-26,314.08,1,1.0,1
2019-11-27,315.48,1,1.0,1
2019-11-29,314.31,1,1.0,1
2019-12-02,311.64,1,1.0,1
2019-12-03,309.55,1,1.0,1
2019-12-04,311.46,1,1.0,1
2019-12-05,312.02,1,1.0,1
2019-12-06,314.87,1,1.0,1
2019-12-09,313.88,1,1.0,1
2019-12-10,313.53,1,1.0,1
2019-12-11,314.42,1,1.0,1
2019-12-12,317.13,1,1.0,1
2019-12-13,317.32,1,1.0,1
2019-12-16,319.5,1,1.0,1
2019-12-17,319.57,1,1.0,1
2019-12-18,319.59,1,1.0,1
2019-12-19,320.9,1,1.0,1
2019-12-20,320.73,1,1.0,1
2019-12-23,321.22,1,1.0,1
2019-12-24,321.23,1,1.0,1
2019-12-26,322.94,1,1.0,1
2019-12-27,322.86,1,1.0,1
2019-12-30,321.08,1,1.0,1
2019-12-31,321.86,1,1.0,1
2020-01-02,324.87,1,1.0,1
2020-01-03,322.41,1,1.0,1
2020-01-06,323.64,1,1.0,1
2020-01-07,322.73,1,1.0,1
2020-01-08,324.45,1,1.0,1
2020-01-09,326.65,1,1.0,1
2020-01-10,325.71,1,1.0,1
2020-01-13,327.95,1,1.0,1
2020-01-14,327.45,1,1.0,1
2020-01-15,328.19,1,1.0,1
2020-01-16,330.92,1,1.0,1
2020-01-17,331.95,1,1.0,1
2020-01-21,331.3,1,1.0,1
2020-01-22,331.34,1,1.0,1
2020-01-23,331.72,1,1.0,1
2020-01-24,328.77,0,1.0,0
2020-01-27,323.5,0,1.0,0
2020-01-28,326.89,0,1.0,0
2020-01-29,326.62,0,1.0,0
2020-01-30,327.68,0,1.0,0
2020-01-31,321.73,0,1.0,0
2020-02-03,324.12,0,1.0,0
2020-02-04,329.06,0,1.0,0
2020-02-05,332.86,0,1.0,0
2020-02-06,333.98,1,1.0,1
2020-02-07,332.2,1,1.0,1
2020-02-10,334.68,1,1.0,1
2020-02-11,335.26,1,1.0,1
2020-02-12,337.42,1,1.0,1
2020-02-13,337.06,1,1.0,1
2020-02-14,337.6,1,1.0,1
2020-02-18,336.73,1,1.0,1
2020-02-19,338.34,1,0.0,0
2020-02-20,336.95,0,-1.0,0
2020-02-21,333.48,0,-1.0,0
2020-02-24,322.42,-1,-1.0,-1
2020-02-25,312.65,-1,-1.0,-1
2020-02-26,311.5,-1,-1.0,-1
2020-02-27,297.51,-1,-1.0,-1
2020-02-28,296.26,-1,-1.0,-1
2020-03-02,309.09,-1,-1.0,-1
2020-03-03,300.24,-1,-1.0,-1
2020-03-04,312.86,-1,-1.0,-1
2020-03-05,302.46,-1,-1.0,-1
2020-03-06,297.46,-1,-1.0,-1
2020-03-09,274.23,-1,-1.0,-1
2020-03-10,288.42,-1,-1.0,-1
2020-03-11,274.36,-1,-1.0,-1
2020-03-12,248.11,-1,-1.0,-1
2020-03-13,269.32,-1,-1.0,-1
2020-03-16,239.85,-1,-1.0,-1
2020-03-17,252.8,-1,-1.0,-1
2020-03-18,240.0,-1,-1.0,-1
2020-03-19,240.51,-1,-1.0,-1
2020-03-20,228.8,-1,-1.0,-1
2020-03-23,222.95,-1,-1.0,-1
2020-03-24,243.15,-1,-1.0,-1
2020-03-25,246.79,-1,-1.0,-1
2020-03-26,261.2,-1,-1.0,-1
2020-03-27,253.42,-1,-1.0,-1
2020-03-30,261.65,-1,-1.0,-1
2020-03-31,257.75,-1,-1.0,-1
2020-04-01,246.15,-1,-1.0,-1
2020-04-02,251.83,-1,-1.0,-1
2020-04-03,248.19,-1,-1.0,-1
2020-04-06,264.86,-1,-1.0,-1
2020-04-07,265.13,-1,-1.0,-1
2020-04-08,274.03,-1,-1.0,-1
2020-04-09,278.2,-1,-1.0,-1
2020-04-13,275.66,-1,-1.0,-1
2020-04-14,283.79,-1,-1.0,-1
2020-04-15,277.76,-1,0.0,0
2020-04-16,279.1,-1,1.0,0
2020-04-17,286.64,-1,1.0,0
2020-04-20,281.59,-1,1.0,0
2020-04-21,273.04,-1,1.0,0
2020-04-22,279.1,-1,1.0,0
2020-04-23,279.08,-1,1.0,0
2020-04-24,282.97,-1,1.0,0
2020-04-27,287.05,-1,1.0,0
2020-04-28,285.73,-1,1.0,0
2020-04-29,293.21,-1,1.0,0
2020-04-30,290.48,-1,1.0,0
2020-05-01,282.79,-1,1.0,0
2020-05-04,283.57,-1,1.0,0
2020-05-05,286.19,-1,1.0,0
2020-05-06,284.25,-1,1.0,0
2020-05-07,287.68,-1,1.0,0
2020-05-08,292.44,-1,1.0,0
2020-05-11,292.5,-1,1.0,0
2020-05-12,286.67,-1,1.0,0
2020-05-13,281.6,-1,1.0,0
2020-05-14,284.97,-1,1.0,0
2020-05-15,286.28,-1,1.0,0
2020-05-18,295.0,-1,1.0,0
2020-05-19,291.97,-1,1.0,0
2020-05-20,296.93,-1,1.0,0
2020-05-21,294.88,-1,0.0,0
2020-05-22,295.44,-1,0.0,0
2020-05-26,299.08,-1,-1.0,-1
2020-05-27,303.53,-1,-1.0,-1
2020-05-28,302.97,-1,-1.0,-1
2020-05-29,304.32,-1,-1.0,-1
2020-06-01,305.55,-1,-1.0,-1
2020-06-02,308.08,-1,-1.0,-1
2020-06-03,312.18,-1,0.0,0
2020-06-04,311.36,-1,0.0,0
2020-06-05,319.34,-1,1.0,0
2020-06-08,323.2,-1,1.0,0
2020-06-09,320.79,-1,1.0,0
2020-06-10,319.0,-1,1.0,0
2020-06-11,300.61,-1,1.0,0
2020-06-12,304.21,-1,1.0,0
2020-06-15,307.05,-1,0.0,0
2020-06-16,312.96,-1,0.0,0
2020-06-17,311.66,-1,0.0,0
2020-06-18,311.78,-1,0.0,0
2020-06-19,308.64,-1,0.0,0
2020-06-22,310.62,-1,0.0,0
2020-06-23,312.05,-1,1.0,0
2020-06-24,304.09,-1,1.0,0
2020-06-25,307.35,-1,1.0,0
2020-06-26,300.05,-1,1.0,0
2020-06-29,304.46,-1,1.0,0
2020-06-30,308.36,-1,1.0,0
2020-07-01,310.52,-1,1.0,0
2020-07-02,312.23,0,1.0,0
2020-07-06,317.05,0,1.0,0
2020-07-07,313.78,0,1.0,0
2020-07-08,316.18,0,1.0,0
2020-07-09,314.38,0,1.0,0
2020-07-10,317.59,0,1.0,0
2020-07-13,314.84,0,1.0,0
2020-07-14,318.92,0,1.0,0
2020-07-15,321.85,1,1.0,1
2020-07-16,320.79,1,1.0,1
2020-07-17,321.72,1,1.0,1
2020-07-20,324.32,1,1.0,1
2020-07-21,325.01,1,1.0,1
2020-07-22,326.86,1,1.0,1
2020-07-23,322.96,1,1.0,1
2020-07-24,320.88,1,1.0,1
2020-07-27,323.22,1,1.0,1
2020-07-28,321.17,1,1.0,1
2020-07-29,325.12,1,1.0,1
2020-07-30,323.96,1,1.0,1
2020-07-31,326.52,1,1.0,1
2020-08-03,328.79,1,1.0,1
2020-08-04,330.06,1,1.0,1
2020-08-05,332.11,1,1.0,1
2020-08-06,334.33,1,1.0,1
2020-08-07,334.57,1,1.0,1
2020-08-10,335.57,1,1.0,1
2020-08-11,332.8,1,1.0,1
2020-08-12,337.44,1,1.0,1
2020-08-13,336.83,1,1.0,1
2020-08-14,336.84,1,1.0,1
2020-08-17,337.91,1,1.0,1
2020-08-18,338.64,1,1.0,1
2020-08-19,337.23,1,1.0,1
2020-08-20,338.28,1,1.0,1
2020-08-21,339.48,1,1.0,1
2020-08-24,342.92,1,1.0,1
2020-08-25,344.12,1,1.0,1
2020-08-26,347.57,1,1.0,1
2020-08-27,348.33,1,1.0,1
2020-08-28,350.58,1,1.0,1
2020-08-31,349.31,0,1.0,0
2020-09-01,352.6,0,1.0,0
2020-09-02,357.7,-1,1.0,0
2020-09-03,345.39,-1,1.0,0
2020-09-04,342.57,-1,1.0,0
2020-09-08,333.21,-1,0.0,0
2020-09-09,339.79,-1,-1.0,-1
2020-09-10,333.89,-1,-1.0,-1
2020-09-11,334.06,-1,-1.0,-1
2020-09-14,338.46,-1,-1.0,-1
2020-09-15,340.17,-1,-1.0,-1
2020-09-16,338.82,-1,-1.0,-1
2020-09-17,335.84,-1,-1.0,-1
2020-09-18,330.65,-1,-1.0,-1
2020-09-21,326.97,-1,-1.0,-1
2020-09-22,330.3,-1,0.0,0
2020-09-23,322.64,-1,1.0,0
2020-09-24,323.5,-1,1.0,0
2020-09-25,328.73,-1,1.0,0
2020-09-28,334.19,-1,0.0,0
2020-09-29,332.37,-1,0.0,0
2020-09-30,334.89,-1,-1.0,-1
2020-10-01,337.04,-1,-1.0,-1
2020-10-02,333.84,-1,-1.0,-1
2020-10-05,339.76,-1,-1.0,-1
2020-10-06,334.93,-1,-1.0,-1
2020-10-07,340.76,-1,0.0,0
2020-10-08,343.78,-1,0.0,0
2020-10-09,346.85,-1,1.0,0
2020-10-12,352.43,-1,1.0,0
2020-10-13,350.13,-1,1.0,0
2020-10-14,347.93,0,1.0,0
2020-10-15,347.5,0,0.0,0
2020-10-16,347.29,0,0.0,0
2020-10-19,342.01,0,-1.0,0
2020-10-20,343.38,0,-1.0,0
2020-10-21,342.73,0,-1.0,0
2020-10-22,344.61,0,-1.0,0
2020-10-23,345.78,0,0.0,0
2020-10-26,339.39,-1,0.0,0
2020-10-27,338.22,-1,1.0,0
2020-10-28,326.66,-1,1.0,0
2020-10-29,329.98,-1,1.0,0
2020-10-30,326.54,-1,1.0,0
2020-11-02,330.2,-1,1.0,0
2020-11-03,336.03,-1,0.0,0
2020-11-04,343.54,-1,0.0,0
2020-11-05,350.24,-1,-1.0,-1
2020-11-06,350.16,-1,-1.0,-1
2020-11-09,354.56,-1,-1.0,-1
2020-11-10,354.04,0,-1.0,0
2020-11-11,356.67,0,0.0,0
2020-11-12,353.21,0,0.0,0
2020-11-13,358.1,0,1.0,0
2020-11-16,362.57,0,1.0,0
2020-11-17,360.62,0,1.0,0
2020-11-18,356.28,0,1.0,0
2020-11-19,357.78,0,1.0,0
2020-11-20,355.33,0,1.0,0
2020-11-23,357.46,0,1.0,0
2020-11-24,363.22,0,1.0,0
2020-11-25,362.66,1,1.0,1
2020-11-27,363.67,1,1.0,1
2020-11-30,362.06,1,1.0,1
2020-12-01,366.02,1,1.0,1
2020-12-02,366.79,1,1.0,1
2020-12-03,366.69,1,1.0,1
2020-12-04,369.85,1,1.0,1
2020-12-07,369.09,1,1.0,1
2020-12-08,370.17,1,1.0,1
2020-12-09,366.85,1,1.0,1
2020-12-10,366.73,1,1.0,1
2020-12-11,366.3,1,1.0,1
2020-12-14,364.66,1,1.0,1
2020-12-15,369.59,1,1.0,1
2020-12-16,370.17,1,1.0,1
2020-12-17,372.24,1,1.0,1
2020-12-18,369.18,1,1.0,1
2020-12-21,367.86,1,1.0,1
2020-12-22,367.24,1,1.0,1
2020-12-23,367.57,1,1.0,1
2020-12-24,369.0,1,1.0,1
2020-12-28,372.17,1,1.0,1
2020-12-29,371.46,1,1.0,1
2020-12-30,371.99,1,1.0,1
2020-12-31,373.88,1,1.0,1
2021-01-04,368.79,1,1.0,1
2021-01-05,371.33,1,1.0,1
2021-01-06,373.55,1,1.0,1
2021-01-07,379.1,1,1.0,1
2021-01-08,381.26,1,1.0,1
2021-01-11,378.69,1,1.0,1
2021-01-12,378.77,1,1.0,1
2021-01-13,379.79,1,1.0,1
2021-01-14,378.46,1,1.0,1
2021-01-15,375.7,1,1.0,1
2021-01-19,378.65,1,1.0,1
2021-01-20,383.89,1,1.0,1
2021-01-21,384.24,1,1.0,1
2021-01-22,382.88,1,1.0,1
2021-01-25,384.39,1,1.0,1
2021-01-26,383.79,0,1.0,0
2021-01-27,374.41,-1,1.0,0
2021-01-28,377.63,-1,1.0,0
2021-01-29,370.07,-1,1.0,0
2021-02-01,376.23,-1,1.0,0
2021-02-02,381.55,-1,1.0,0
2021-02-03,381.85,0,1.0,0
2021-02-04,386.19,0,1.0,0
2021-02-05,387.71,1,1.0,1
2021-02-08,390.51,1,1.0,1
2021-02-09,390.25,1,1.0,1
2021-02-10,390.08,1,1.0,1
2021-02-11,390.71,1,1.0,1
2021-02-12,392.64,1,1.0,1
2021-02-16,392.3,1,1.0,1
2021-02-17,392.39,1,1.0,1
2021-02-18,390.72,1,1.0,1
2021-02-19,390.03,1,1.0,1
2021-02-22,387.03,1,1.0,1
2021-02-23,387.5,0,1.0,0
2021-02-24,391.77,0,1.0,0
2021-02-25,382.33,-1,1.0,0
2021-02-26,380.36,-1,1.0,0
2021-03-01,389.58,-1,1.0,0
2021-03-02,386.54,-1,1.0,0
2021-03-03,381.42,-1,1.0,0
2021-03-04,376.7,-1,1.0,0
2021-03-05,383.63,-1,1.0,0
2021-03-08,381.72,0,1.0,0
2021-03-09,387.17,0,1.0,0
2021-03-10,389.58,0,1.0,0
2021-03-11,393.53,0,1.0,0
2021-03-12,394.06,1,1.0,1
2021-03-15,396.41,1,1.0,1
2021-03-16,395.91,1,1.0,1
2021-03-17,397.26,1,1.0,1
2021-03-18,391.48,1,1.0,1
2021-03-19,389.48,1,1.0,1
2021-03-22,392.59,1,1.0,1
2021-03-23,389.5,1,1.0,1
2021-03-24,387.52,1,1.0,1
2021-03-25,389.7,1,1.0,1
2021-03-26,395.98,1,1.0,1
2021-03-29,395.78,1,1.0,1
2021-03-30,394.73,1,1.0,1
2021-03-31,396.33,1,1.0,1
2021-04-01,400.61,1,1.0,1
2021-04-05,406.36,1,1.0,1
2021-04-06,406.12,1,1.0,1
2021-04-07,406.59,1,1.0,1
2021-04-08,408.52,1,1.0,1
2021-04-09,411.49,1,1.0,1
2021-04-12,411.64,1,1.0,1
2021-04-13,412.86,1,1.0,1
2021-04-14,411.45,1,1.0,1
2021-04-15,415.87,1,1.0,1
2021-04-16,417.26,1,1.0,1
2021-04-19,415.21,1,1.0,1
2021-04-20,412.17,1,1.0,1
2021-04-21,416.07,1,1.0,1
2021-04-22,412.27,1,1.0,1
2021-04-23,416.74,1,1.0,1
2021-04-26,417.61,1,1.0,1
2021-04-27,417.52,1,1.0,1
2021-04-28,417.4,1,1.0,1
2021-04-29,420.06,1,1.0,1
2021-04-30,417.3,1,1.0,1
2021-05-03,418.2,1,1.0,1
2021-05-04,415.62,1,1.0,1
2021-05-05,415.75,1,1.0,1
2021-05-06,419.07,1,1.0,1
2021-05-07,422.12,0,1.0,0
2021-05-10,417.94,0,1.0,0
2021-05-11,414.21,-1,1.0,0
2021-05-12,405.41,-1,1.0,0
2021-05-13,410.28,-1,1.0,0
2021-05-14,416.58,-1,1.0,0
2021-05-17,415.52,0,1.0,0
2021-05-18,411.94,0,1.0,0
2021-05-19,410.86,1,1.0,1
2021-05-20,415.28,1,1.0,1
2021-05-21,414.94,1,1.0,1
2021-05-24,419.17,1,1.0,1
2021-05-25,418.24,1,1.0,1
2021-05-26,419.07,1,1.0,1
2021-05-27,419.29,1,1.0,1
2021-05-28,420.04,1,1.0,1
2021-06-01,419.67,1,1.0,1
2021-06-02,420.33,1,1.0,1
2021-06-03,418.77,1,1.0,1
2021-06-04,422.6,1,1.0,1
2021-06-07,422.19,1,1.0,1
2021-06-08,422.28,1,1.0,1
2021-06-09,421.65,1,1.0,1
2021-06-10,423.61,1,1.0,1
2021-06-11,424.31,1,1.0,1
2021-06-14,425.26,1,1.0,1
2021-06-15,424.48,1,1.0,1
2021-06-16,422.11,1,1.0,1
2021-06-17,421.97,1,1.0,1
2021-06-18,414.92,1,1.0,1
2021-06-21,420.86,1,1.0,1
2021-06-22,423.11,1,1.0,1
2021-06-23,422.6,1,1.0,1
2021-06-24,425.1,1,1.0,1
2021-06-25,426.61,1,1.0,1
2021-06-28,427.47,1,1.0,1
2021-06-29,427.7,1,1.0,1
2021-06-30,428.06,1,1.0,1
2021-07-01,430.43,1,1.0,1
2021-07-02,433.72,1,1.0,1
2021-07-06,432.93,1,1.0,1
2021-07-07,434.46,1,1.0,1
2021-07-08,430.92,1,1.0,1
2021-07-09,435.52,1,1.0,1
2021-07-12,437.08,1,1.0,1
2021-07-13,435.59,1,1.0,1
2021-07-14,436.24,1,1.0,1
2021-07-15,434.75,1,1.0,1
2021-07-16,431.34,1,1.0,1
2021-07-19,424.97,1,1.0,1
2021-07-20,431.06,1,1.0,1
2021-07-21,434.55,1,1.0,1
2021-07-22,435.46,1,1.0,1
2021-07-23,439.94,1,1.0,1
2021-07-26,441.02,1,1.0,1
2021-07-27,439.01,1,1.0,1
2021-07-28,438.83,1,1.0,1
2021-07-29,440.65,1,1.0,1
2021-07-30,438.51,1,1.0,1
2021-08-02,437.59,1,1.0,1
2021-08-03,441.15,1,1.0,1
2021-08-04,438.98,1,1.0,1
2021-08-05,441.76,1,1.0,1
2021-08-06,442.49,1,1.0,1
2021-08-09,442.13,1,1.0,1
2021-08-10,442.68,1,1.0,1
2021-08-11,443.78,1,1.0,1
2021-08-12,445.11,1,1.0,1
2021-08-13,445.92,1,1.0,1
2021-08-16,446.97,1,1.0,1
2021-08-17,444.04,1,1.0,1
2021-08-18,439.18,1,1.0,1
2021-08-19,439.86,1,1.0,1
2021-08-20,443.36,1,1.0,1
2021-08-23,447.26,1,1.0,1
2021-08-24,447.97,1,1.0,1
2021-08-25,448.91,1,1.0,1
2021-08-26,446.26,1,1.0,1
2021-08-27,450.25,1,1.0,1
2021-08-30,452.23,1,1.0,1
2021-08-31,451.56,1,1.0,1
2021-09-01,451.8,1,1.0,1
2021-09-02,453.19,1,1.0,1
2021-09-03,453.08,1,1.0,1
2021-09-07,451.46,1,1.0,1
2021-09-08,450.91,1,1.0,1
2021-09-09,448.98,1,1.0,1
2021-09-10,445.44,1,1.0,1
2021-09-13,446.58,1,1.0,1
2021-09-14,444.17,1,0.0,0
2021-09-15,447.88,0,0.0,0
2021-09-16,447.17,0,0.0,0
2021-09-17,441.4,0,0.0,0
2021-09-20,434.04,-1,0.0,0
2021-09-21,433.63,-1,0.0,0
2021-09-22,437.86,-1,0.0,0
2021-09-23,443.18,-1,1.0,0
2021-09-24,443.91,-1,1.0,0
2021-09-27,442.64,-1,1.0,0
2021-09-28,433.72,-1,1.0,0
2021-09-29,434.45,-1,1.0,0
2021-09-30,429.14,-1,1.0,0
2021-10-01,434.24,-1,1.0,0
2021-10-04,428.64,-1,1.0,0
2021-10-05,433.1,0,1.0,0
2021-10-06,434.9,0,1.0,0
2021-10-07,438.66,1,1.0,1
2021-10-08,437.86,1,1.0,1
2021-10-11,434.69,1,1.0,1
2021-10-12,433.62,1,1.0,1
2021-10-13,435.18,1,1.0,1
2021-10-14,442.5,1,1.0,1
2021-10-15,445.87,1,1.0,1
2021-10-18,447.19,1,1.0,1
2021-10-19,450.64,1,1.0,1
2021-10-20,452.41,1,1.0,1
2021-10-21,453.59,1,1.0,1
2021-10-22,453.12,1,1.0,1
2021-10-25,455.55,1,1.0,1
2021-10-26,455.96,1,1.0,1
2021-10-27,453.94,1,1.0,1
2021-10-28,458.32,1,1.0,1
2021-10-29,459.25,1,1.0,1
2021-11-01,460.04,1,1.0,1
2021-11-02,461.9,1,1.0,1
2021-11-03,464.72,1,1.0,1
2021-11-04,466.91,1,1.0,1
2021-11-05,468.53,1,1.0,1
2021-11-08,468.93,1,1.0,1
2021-11-09,467.38,1,1.0,1
2021-11-10,463.62,1,1.0,1
2021-11-11,463.77,1,1.0,1
2021-11-12,467.27,1,1.0,1
2021-11-15,467.43,1,1.0,1
2021-11-16,469.28,1,1.0,1
2021-11-17,468.14,1,1.0,1
2021-11-18,469.73,1,1.0,1
2021-11-19,468.89,1,1.0,1
2021-11-22,467.57,1,1.0,1
2021-11-23,468.19,1,1.0,1
2021-11-24,469.44,0,1.0,0
2021-11-26,458.97,-1,1.0,0
2021-11-29,464.6,-1,1.0,0
2021-11-30,455.56,-1,1.0,0
2021-12-01,450.5,-1,1.0,0
2021-12-02,457.4,-1,1.0,0
2021-12-03,453.42,-1,1.0,0
2021-12-06,458.79,-1,1.0,0
2021-12-07,468.28,-1,1.0,0
2021-12-08,469.52,-1,1.0,0
2021-12-09,466.35,-1,1.0,0
2021-12-10,470.74,-1,1.0,0
2021-12-13,466.57,-1,1.0,0
2021-12-14,463.36,-1,1.0,0
2021-12-15,470.6,-1,1.0,0
2021-12-16,466.45,-1,1.0,0
2021-12-17,459.87,-1,1.0,0
2021-12-20,454.98,-1,1.0,0
2021-12-21,463.06,-1,1.0,0
2021-12-22,467.69,0,1.0,0
2021-12-23,470.6,0,1.0,0
2021-12-27,477.26,0,1.0,0
2021-12-28,476.87,0,1.0,0
2021-12-29,477.48,0,1.0,0
2021-12-30,476.16,0,1.0,0
2021-12-31,474.96,0,1.0,0
2022-01-03,477.71,0,1.0,0
2022-01-04,477.55,0,1.0,0
2022-01-05,468.38,0,0.0,0
2022-01-06,467.94,0,0.0,0
2022-01-07,466.09,0,-1.0,0
2022-01-10,465.51,0,-1.0,0
2022-01-11,469.75,0,-1.0,0
2022-01-12,471.02,0,-1.0,0
2022-01-13,464.53,-1,-1.0,-1
2022-01-14,464.72,-1,-1.0,-1
2022-01-18,456.49,-1,-1.0,-1
2022-01-19,451.75,-1,-1.0,-1
2022-01-20,446.75,-1,-1.0,-1
2022-01-21,437.98,-1,0.0,0
2022-01-24,439.84,-1,0.0,0
2022-01-25,434.47,-1,1.0,0
2022-01-26,433.38,-1,1.0,0
2022-01-27,431.24,-1,1.0,0
2022-01-28,441.95,-1,1.0,0
2022-01-31,449.91,-1,1.0,0
2022-02-01,452.95,-1,1.0,0
2022-02-02,457.35,-1,1.0,0
2022-02-03,446.6,-1,1.0,0
2022-02-04,448.7,-1,1.0,0
2022-02-07,447.26,-1,1.0,0
2022-02-08,450.94,-1,1.0,0
2022-02-09,457.54,-1,1.0,0
2022-02-10,449.32,-1,1.0,0
2022-02-11,440.46,-1,1.0,0
2022-02-14,439.02,-1,1.0,0
2022-02-15,446.1,-1,0.0,0
2022-02-16,446.6,-1,0.0,0
2022-02-17,437.06,-1,-1.0,-1
2022-02-18,434.23,-1,-1.0,-1
2022-02-22,429.57,-1,-1.0,-1
2022-02-23,421.95,-1,-1.0,-1
2022-02-24,428.3,-1,-1.0,-1
2022-02-25,437.75,-1,-1.0,-1
2022-02-28,436.63,-1,-1.0,-1
2022-03-01,429.98,-1,0.0,0
2022-03-02,437.89,-1,0.0,0
2022-03-03,435.71,-1,1.0,0
2022-03-04,432.17,-1,1.0,0
2022-03-07,419.43,-1,1.0,0
2022-03-08,416.25,-1,1.0,0
2022-03-09,427.41,-1,1.0,0
2022-03-10,425.48,-1,1.0,0
2022-03-11,420.07,-1,1.0,0
2022-03-14,417.0,-1,1.0,0
2022-03-15,426.17,-1,0.0,0
2022-03-16,435.62,-1,0.0,0
2022-03-17,441.07,-1,-1.0,-1
2022-03-18,444.52,-1,-1.0,-1
2022-03-21,444.39,-1,-1.0,-1
2022-03-22,449.59,-1,-1.0,-1
2022-03-23,443.8,-1,-1.0,-1
2022-03-24,450.49,-1,0.0,0
2022-03-25,452.69,-1,0.0,0
2022-03-28,455.91,-1,1.0,0
2022-03-29,461.55,-1,1.0,0
2022-03-30,458.7,-1,1.0,0
2022-03-31,451.64,-1,1.0,0
2022-04-01,452.92,-1,1.0,0
2022-04-04,456.8,-1,1.0,0
2022-04-05,451.03,-1,0.0,0
2022-04-06,446.52,-1,-1.0,-1
2022-04-07,448.77,-1,-1.0,-1
2022-04-08,447.57,-1,-1.0,-1
2022-04-11,439.92,-1,-1.0,-1
2022-04-12,438.29,-1,-1.0,-1
2022-04-13,443.31,-1,-1.0,-1
2022-04-14,437.79,-1,-1.0,-1
2022-04-18,437.97,-1,-1.0,-1
2022-04-19,445.04,-1,-1.0,-1
2022-04-20,444.71,-1,-1.0,-1
2022-04-21,438.06,-1,-1.0,-1
2022-04-22,426.04,-1,-1.0,-1
2022-04-25,428.51,-1,-1.0,-1
2022-04-26,416.1,-1,-1.0,-1
2022-04-27,417.27,-1,-1.0,-1
2022-04-28,427.81,-1,-1.0,-1
2022-04-29,412.0,-1,-1.0,-1
2022-05-02,414.48,-1,-1.0,-1
2022-05-03,416.38,-1,-1.0,-1
2022-05-04,429.06,-1,-1.0,-1
2022-05-05,413.81,-1,-1.0,-1
2022-05-06,411.34,-1,-1.0,-1
2022-05-09,398.17,-1,-1.0,-1
2022-05-10,399.09,-1,-1.0,-1
2022-05-11,392.75,-1,-1.0,-1
2022-05-12,392.34,-1,-1.0,-1
2022-05-13,401.72,-1,0.0,0
2022-05-16,400.09,-1,1.0,0
2022-05-17,408.32,-1,1.0,0
2022-05-18,391.86,-1,1.0,0
2022-05-19,389.46,-1,1.0,0
2022-05-20,389.63,-1,1.0,0
2022-05-23,396.92,-1,1.0,0
2022-05-24,393.89,-1,1.0,0
2022-05-25,397.37,-1,1.0,0
2022-05-26,405.31,-1,1.0,0
2022-05-27,415.26,-1,1.0,0
2022-05-31,412.93,-1,1.0,0
2022-06-01,409.59,-1,1.0,0
2022-06-02,417.39,-1,1.0,0
2022-06-03,410.54,-1,0.0,0
2022-06-06,411.79,-1,-1.0,-1
2022-06-07,415.74,-1,-1.0,-1
2022-06-08,411.22,-1,-1.0,-1
2022-06-09,401.44,-1,-1.0,-1
2022-06-10,389.8,-1,-1.0,-1
2022-06-13,375.0,-1,-1.0,-1
2022-06-14,373.87,-1,-1.0,-1
2022-06-15,379.2,-1,-1.0,-1
2022-06-16,366.65,-1,-1.0,-1
2022-06-17,365.86,-1,-1.0,-1
2022-06-21,375.07,-1,-1.0,-1
2022-06-22,374.39,-1,0.0,0
2022-06-23,378.06,-1,1.0,0
2022-06-24,390.08,-1,1.0,0
2022-06-27,388.59,-1,1.0,0
2022-06-28,380.65,-1,1.0,0
2022-06-29,380.34,-1,1.0,0
2022-06-30,377.25,-1,1.0,0
2022-07-01,381.24,-1,1.0,0
2022-07-05,381.96,-1,1.0,0
2022-07-06,383.25,-1,1.0,0
2022-07-07,388.99,-1,1.0,0
2022-07-08,388.67,-1,1.0,0
2022-07-11,384.23,-1,1.0,0
2022-07-12,380.83,-1,1.0,0
2022-07-13,378.83,-1,1.0,0
2022-07-14,377.91,-1,1.0,0
2022-07-15,385.13,-1,1.0,0
2022-07-18,381.95,-1,1.0,0
2022-07-19,392.27,-1,1.0,0
2022-07-20,394.77,-1,1.0,0
2022-07-21,398.79,-1,1.0,0
2022-07-22,395.09,-1,1.0,0
2022-07-25,395.57,-1,0.0,0
2022-07-26,390.89,-1,0.0,0
2022-07-27,401.04,-1,-1.0,-1
2022-07-28,406.07,-1,-1.0,-1
2022-07-29,411.99,-1,-1.0,-1
2022-08-01,410.77,-1,-1.0,-1
2022-08-02,408.06,-1,-1.0,-1
2022-08-03,414.45,-1,-1.0,-1
2022-08-04,414.17,-1,-1.0,-1
2022-08-05,413.47,-1,0.0,0
2022-08-08,412.99,-1,1.0,0
2022-08-09,411.35,-1,1.0,0
2022-08-10,419.99,-1,1.0,0
2022-08-11,419.99,-1,1.0,0
2022-08-12,427.1,-1,1.0,0
2022-08-15,428.86,-1,1.0,0
2022-08-16,429.7,-1,0.0,0
2022-08-17,426.65,-1,0.0,0
2022-08-18,427.89,-1,-1.0,-1
2022-08-19,422.14,-1,-1.0,-1
2022-08-22,413.35,-1,-1.0,-1
2022-08-23,412.35,-1,-1.0,-1
2022-08-24,413.67,-1,-1.0,-1
2022-08-25,419.51,-1,-1.0,-1
2022-08-26,405.31,-1,-1.0,-1
2022-08-29,402.63,-1,-1.0,-1
2022-08-30,398.21,-1,-1.0,-1
2022-08-31,395.18,-1,-1.0,-1
2022-09-01,396.42,-1,-1.0,-1
2022-09-02,392.24,-1,-1.0,-1
2022-09-06,390.76,-1,-1.0,-1
2022-09-07,397.78,-1,-1.0,-1
2022-09-08,400.38,-1,-1.0,-1
2022-09-09,406.6,-1,-1.0,-1
2022-09-12,410.97,-1,-1.0,-1
2022-09-13,393.1,-1,-1.0,-1
2022-09-14,394.6,-1,-1.0,-1
2022-09-15,390.12,-1,-1.0,-1
2022-09-16,385.56,-1,-1.0,-1
2022-09-19,388.55,-1,-1.0,-1
2022-09-20,384.09,-1,-1.0,-1
2022-09-21,377.39,-1,-1.0,-1
2022-09-22,374.22,-1,-1.0,-1
2022-09-23,367.95,-1,-1.0,-1
2022-09-26,364.31,-1,-1.0,-1
2022-09-27,363.38,-1,-1.0,-1
2022-09-28,370.53,-1,-1.0,-1
2022-09-29,362.79,-1,-1.0,-1
2022-09-30,357.18,-1,-1.0,-1
2022-10-03,366.61,-1,-1.0,-1
2022-10-04,377.97,-1,0.0,0
2022-10-05,377.09,-1,1.0,0
2022-10-06,373.2,-1,1.0,0
2022-10-07,362.79,-1,1.0,0
2022-10-10,360.02,-1,1.0,0
2022-10-11,357.74,-1,1.0,0
2022-10-12,356.56,-1,1.0,0
2022-10-13,365.97,-1,1.0,0
2022-10-14,357.63,-1,1.0,0
2022-10-17,366.82,-1,1.0,0
2022-10-18,371.13,-1,1.0,0
2022-10-19,368.5,-1,1.0,0
2022-10-20,365.41,-1,1.0,0
2022-10-21,374.29,-1,1.0,0
2022-10-24,378.87,-1,1.0,0
2022-10-25,384.92,-1,1.0,0
2022-10-26,382.02,-1,1.0,0
2022-10-27,379.98,-1,1.0,0
2022-10-28,389.02,-1,1.0,0
2022-10-31,386.21,-1,1.0,0
2022-11-01,384.52,-1,1.0,0
2022-11-02,374.87,-1,1.0,0
2022-11-03,371.01,-1,1.0,0
2022-11-04,376.35,-1,1.0,0
2022-11-07,379.95,-1,1.0,0
2022-11-08,382.0,-1,1.0,0
2022-11-09,374.13,-1,1.0,0
2022-11-10,394.69,-1,1.0,0
2022-11-11,398.51,-1,1.0,0
2022-11-14,395.12,-1,1.0,0
2022-11-15,398.49,0,1.0,0
2022-11-16,395.45,0,1.0,0
2022-11-17,394.24,0,1.0,0
2022-11-18,396.03,0,1.0,0
2022-11-21,394.59,0,1.0,0
2022-11-22,399.9,0,1.0,0
2022-11-23,402.42,0,1.0,0
2022-11-25,402.33,-1,1.0,0
2022-11-28,395.91,-1,1.0,0
2022-11-29,395.23,-1,1.0,0
2022-11-30,407.68,-1,1.0,0
2022-12-01,407.38,-1,1.0,0
2022-12-02,406.91,-1,1.0,0
2022-12-05,399.59,-1,1.0,0
2022-12-06,393.83,-1,0.0,0
2022-12-07,393.16,-1,0.0,0
2022-12-08,396.24,-1,-1.0,-1
2022-12-09,393.28,-1,-1.0,-1
2022-12-12,398.95,-1,-1.0,-1
2022-12-13,401.97,-1,-1.0,-1
2022-12-14,399.4,-1,-1.0,-1
2022-12-15,389.63,-1,-1.0,-1
2022-12-16,383.27,-1,-1.0,-1
2022-12-19,380.02,-1,-1.0,-1
2022-12-20,380.54,-1,0.0,0
2022-12-21,386.23,-1,0.0,0
2022-12-22,380.72,-1,1.0,0
2022-12-23,382.91,-1,1.0,0
2022-12-27,381.4,-1,1.0,0
2022-12-28,376.66,-1,1.0,0
2022-12-29,383.44,-1,1.0,0
2022-12-30,382.43,-1,1.0,0
2023-01-03,380.82,-1,1.0,0
2023-01-04,383.76,-1,1.0,0
2023-01-05,379.38,-1,1.0,0
2023-01-06,388.08,-1,1.0,0
2023-01-09,387.86,-1,1.0,0
2023-01-10,390.58,-1,1.0,0
2023-01-11,395.52,-1,1.0,0
2023-01-12,396.96,-1,1.0,0
2023-01-13,398.5,-1,1.0,0
2023-01-17,397.77,-1,1.0,0
2023-01-18,391.49,-1,1.0,0
2023-01-19,388.64,-1,1.0,0
2023-01-20,395.88,-1,1.0,0
2023-01-23,400.63,-1,1.0,0
2023-01-24,400.2,-1,1.0,0
2023-01-25,400.35,-1,1.0,0
2023-01-26,404.75,-1,1.0,0
2023-01-27,405.68,-1,1.0,0
2023-01-30,400.59,-1,1.0,0
2023-01-31,406.48,-1,1.0,0
2023-02-01,410.8,-1,1.0,0
2023-02-02,416.78,-1,1.0,0
2023-02-03,412.35,-1,1.0,0
2023-02-06,409.83,-1,1.0,0
2023-02-07,415.19,-1,1.0,0
2023-02-08,410.65,-1,1.0,0
2023-02-09,407.09,-1,1.0,0
2023-02-10,408.04,-1,1.0,0
2023-02-13,412.83,-1,1.0,0
2023-02-14,412.64,-1,1.0,0
2023-02-15,413.98,-1,1.0,0
2023-02-16,408.28,-1,1.0,0
2023-02-17,407.26,-1,1.0,0
2023-02-21,399.09,-1,1.0,0
2023-02-22,398.54,-1,1.0,0
2023-02-23,400.66,0,1.0,0
2023-02-24,396.38,0,1.0,0
2023-02-27,397.73,0,1.0,0
2023-02-28,396.26,0,1.0,0
2023-03-01,394.74,0,1.0,0
2023-03-02,397.81,0,1.0,0
2023-03-03,404.19,-1,1.0,0
2023-03-06,404.47,-1,1.0,0
2023-03-07,398.27,-1,1.0,0
2023-03-08,398.92,-1,1.0,0
2023-03-09,391.56,-1,1.0,0
2023-03-10,385.91,-1,1.0,0
2023-03-13,385.36,-1,1.0,0
2023-03-14,391.73,-1,1.0,0
2023-03-15,389.28,-1,1.0,0
2023-03-16,396.11,-1,1.0,0
2023-03-17,389.99,-1,1.0,0
2023-03-20,393.74,-1,1.0,0
2023-03-21,398.91,-1,1.0,0
2023-03-22,392.11,-1,1.0,0
2023-03-23,393.17,0,1.0,0
2023-03-24,395.75,0,1.0,0
2023-03-27,396.49,0,1.0,0
2023-03-28,395.6,1,1.0,1
2023-03-29,401.35,1,1.0,1
2023-03-30,403.7,1,1.0,1
2023-03-31,409.39,1,1.0,1
2023-04-03,410.95,1,1.0,1
2023-04-04,408.67,1,1.0,1
2023-04-05,407.6,1,1.0,1
2023-04-06,409.19,1,1.0,1
2023-04-10,409.61,1,1.0,1
2023-04-11,409.72,1,1.0,1
2023-04-12,408.05,1,1.0,1
2023-04-13,413.47,1,1.0,1
2023-04-14,412.46,1,1.0,1
2023-04-17,413.94,1,1.0,1
2023-04-18,414.21,1,1.0,1
2023-04-19,414.14,1,1.0,1
2023-04-20,411.88,1,1.0,1
2023-04-21,412.2,1,1.0,1
2023-04-24,412.63,0,1.0,0
2023-04-25,406.08,0,1.0,0
2023-04-26,404.36,0,1.0,0
2023-04-27,412.41,-1,1.0,0
2023-04-28,415.93,0,1.0,0
2023-05-01,415.51,0,1.0,0
2023-05-02,410.84,0,1.0,0
2023-05-03,408.02,0,1.0,0
2023-05-04,405.13,0,1.0,0
2023-05-05,412.63,0,1.0,0
2023-05-08,412.74,0,1.0,0
2023-05-09,410.93,1,1.0,1
2023-05-10,412.85,1,1.0,1
2023-05-11,412.13,1,1.0,1
2023-05-12,411.59,1,1.0,1
2023-05-15,413.01,1,1.0,1
2023-05-16,410.25,1,1.0,1
2023-05-17,415.23,1,1.0,1
2023-05-18,419.23,1,1.0,1
2023-05-19,418.62,1,1.0,1
2023-05-22,418.79,1,1.0,1
2023-05-23,414.09,1,1.0,1
2023-05-24,411.09,1,1.0,1
2023-05-25,414.65,1,1.0,1
2023-05-26,420.02,1,1.0,1
2023-05-30,420.18,1,1.0,1
2023-05-31,417.85,1,1.0,1
2023-06-01,421.82,1,1.0,1
2023-06-02,427.92,1,1.0,1
2023-06-05,427.1,1,1.0,1
2023-06-06,428.03,1,1.0,1
2023-06-07,426.55,1,1.0,1
2023-06-08,429.13,1,1.0,1
2023-06-09,429.9,1,1.0,1
2023-06-12,433.8,1,1.0,1
2023-06-13,436.66,1,1.0,1
2023-06-14,437.18,1,1.0,1
2023-06-15,442.6,1,1.0,1
2023-06-16,439.46,1,1.0,1
2023-06-20,437.18,1,1.0,1
2023-06-21,434.94,1,1.0,1
2023-06-22,436.51,1,1.0,1
2023-06-23,433.21,1,1.0,1
2023-06-26,431.44,1,1.0,1
2023-06-27,436.17,1,1.0,1
2023-06-28,436.39,1,1.0,1
2023-06-29,438.11,1,1.0,1
2023-06-30,443.28,1,1.0,1
2023-07-03,443.79,1,1.0,1
2023-07-05,443.13,1,1.0,1
2023-07-06,439.66,1,1.0,1
2023-07-07,438.55,1,1.0,1
2023-07-10,439.66,1,1.0,1
2023-07-11,442.46,1,1.0,1
2023-07-12,446.02,1,1.0,1
2023-07-13,449.56,1,1.0,1
2023-07-14,449.28,1,1.0,1
2023-07-17,450.84,1,1.0,1
2023-07-18,454.19,1,1.0,1
2023-07-19,455.2,1,1.0,1
2023-07-20,452.18,1,1.0,1
2023-07-21,452.18,1,1.0,1
2023-07-24,454.2,1,1.0,1
2023-07-25,455.44,1,1.0,1
2023-07-26,455.51,1,1.0,1
2023-07-27,452.49,1,1.0,1
2023-07-28,456.92,1,1.0,1
2023-07-31,457.79,1,1.0,1
2023-08-01,456.48,1,1.0,1
2023-08-02,450.13,1,1.0,1
2023-08-03,448.84,1,1.0,1
2023-08-04,446.81,1,1.0,1
2023-08-07,450.71,1,1.0,1
2023-08-08,448.75,1,1.0,1
2023-08-09,445.75,1,1.0,1
2023-08-10,445.91,1,1.0,1
2023-08-11,445.65,1,1.0,1
2023-08-14,448.11,1,1.0,1
2023-08-15,442.89,1,1.0,1
2023-08-16,439.64,1,1.0,1
2023-08-17,436.29,1,1.0,1
2023-08-18,436.5,1,1.0,1
2023-08-21,439.34,1,1.0,1
2023-08-22,438.15,1,1.0,1
2023-08-23,443.03,1,1.0,1
2023-08-24,436.89,1,1.0,1
2023-08-25,439.97,1,1.0,1
2023-08-28,442.76,1,1.0,1
2023-08-29,449.16,1,1.0,1
2023-08-30,451.01,1,1.0,1
2023-08-31,450.35,1,1.0,1
2023-09-01,451.19,1,1.0,1
2023-09-05,449.24,1,1.0,1
2023-09-06,446.22,1,1.0,1
2023-09-07,444.85,1,1.0,1
2023-09-08,445.52,1,1.0,1
2023-09-11,448.45,1,1.0,1
2023-09-12,445.99,1,0.0,0
2023-09-13,446.51,1,0.0,0
2023-09-14,450.36,1,-1.0,0
2023-09-15,443.37,0,-1.0,0
2023-09-18,443.63,0,-1.0,0
2023-09-19,442.71,0,-1.0,0
2023-09-20,438.64,0,-1.0,0
2023-09-21,431.39,0,-1.0,0
2023-09-22,430.42,0,-1.0,0
2023-09-25,432.23,0,-1.0,0
2023-09-26,425.88,0,0.0,0
2023-09-27,426.05,1,1.0,1
2023-09-28,428.52,1,1.0,1
2023-09-29,427.48,1,1.0,1
2023-10-02,427.31,1,1.0,1
2023-10-03,421.59,1,1.0,1
2023-10-04,424.66,1,1.0,1
2023-10-05,424.5,1,1.0,1
2023-10-06,429.54,1,1.0,1
2023-10-09,432.29,1,1.0,1
2023-10-10,434.54,1,1.0,1
2023-10-11,436.32,1,1.0,1
2023-10-12,433.66,1,1.0,1
2023-10-13,431.5,1,1.0,1
2023-10-16,436.04,0,0.0,0
2023-10-17,436.02,0,0.0,0
2023-10-18,430.21,0,0.0,0
2023-10-19,426.43,0,-1.0,0
2023-10-20,421.19,0,-1.0,0
2023-10-23,420.46,0,0.0,0
2023-10-24,423.63,-1,0.0,0
2023-10-25,417.55,-1,1.0,0
2023-10-26,412.55,-1,1.0,0
2023-10-27,410.68,-1,1.0,0
2023-10-30,415.59,-1,1.0,0
2023-10-31,418.2,0,1.0,0
2023-11-01,422.66,0,0.0,0
2023-11-02,430.76,0,0.0,0
2023-11-03,434.69,0,-1.0,0
2023-11-06,435.69,0,-1.0,0
2023-11-07,436.93,0,-1.0,0
2023-11-08,437.25,0,-1.0,0
2023-11-09,433.84,0,-1.0,0
2023-11-10,440.61,0,-1.0,0
2023-11-13,440.19,0,0.0,0
2023-11-14,448.73,0,0.0,0
2023-11-15,449.68,1,1.0,1
2023-11-16,450.23,1,1.0,1
2023-11-17,450.79,1,1.0,1
2023-11-20,454.26,1,1.0,1
2023-11-21,453.27,1,1.0,1
2023-11-22,455.02,1,1.0,1
2023-11-24,455.3,1,1.0,1
2023-11-27,454.48,1,1.0,1
2023-11-28,454.93,1,1.0,1
2023-11-29,454.61,1,1.0,1
2023-11-30,456.4,1,1.0,1
2023-12-01,459.1,1,1.0,1
2023-12-04,456.69,1,1.0,1
2023-12-05,456.6,1,1.0,1
2023-12-06,454.76,1,1.0,1
2023-12-07,458.23,1,1.0,1
2023-12-08,460.2,1,1.0,1
2023-12-11,461.99,1,1.0,1
2023-12-12,464.1,1,1.0,1
2023-12-13,470.5,1,1.0,1
2023-12-14,472.01,1,1.0,1
2023-12-15,469.33,1,1.0,1
2023-12-18,471.97,1,1.0,1
2023-12-19,474.84,1,1.0,1
2023-12-20,468.26,1,1.0,1
2023-12-21,472.7,1,1.0,1
2023-12-22,473.65,1,1.0,1
2023-12-26,475.65,1,1.0,1
2023-12-27,476.51,1,1.0,1
2023-12-28,476.69,1,1.0,1
2023-12-29,475.31,1,1.0,1
2024-01-02,472.65,1,1.0,1
2024-01-03,468.79,1,1.0,1
2024-01-04,467.28,1,1.0,1
2024-01-05,467.92,1,1.0,1
2024-01-08,474.6,1,1.0,1
2024-01-09,473.88,1,1.0,1
2024-01-10,476.56,1,1.0,1
2024-01-11,476.35,1,1.0,1
2024-01-12,476.68,1,1.0,1
2024-01-16,474.93,1,1.0,1
2024-01-17,472.29,1,1.0,1
2024-01-18,476.49,1,1.0,1
2024-01-19,482.43,1,1.0,1
2024-01-22,483.45,1,1.0,1
2024-01-23,484.86,1,1.0,1
2024-01-24,485.39,1,1.0,1
2024-01-25,488.03,1,1.0,1
2024-01-26,487.41,1,1.0,1
2024-01-29,491.27,1,1.0,1
2024-01-30,490.89,1,1.0,1
2024-01-31,482.88,1,1.0,1
2024-02-01,489.2,1,1.0,1
2024-02-02,494.35,1,1.0,1
2024-02-05,492.55,1,1.0,1
2024-02-06,493.98,1,1.0,1
2024-02-07,498.1,1,1.0,1
2024-02-08,498.32,1,1.0,1
2024-02-09,501.2,1,1.0,1
2024-02-12,500.98,1,1.0,1
2024-02-13,494.08,1,1.0,1
2024-02-14,498.57,1,1.0,1
2024-02-15,502.01,1,1.0,1
2024-02-16,499.51,1,1.0,1
2024-02-20,496.76,1,1.0,1
2024-02-21,497.21,1,1.0,1
2024-02-22,507.5,1,1.0,1
2024-02-23,507.85,1,1.0,1
2024-02-26,505.99,1,1.0,1
2024-02-27,506.93,1,1.0,1
2024-02-28,506.26,1,1.0,1
2024-02-29,508.08,1,1.0,1
2024-03-01,512.85,1,1.0,1
2024-03-04,512.3,1,1.0,1
2024-03-05,507.18,1,1.0,1
2024-03-06,509.75,1,1.0,1
2024-03-07,514.81,1,1.0,1
2024-03-08,511.72,1,1.0,1
2024-03-11,511.28,1,1.0,1
2024-03-12,516.78,1,1.0,1
2024-03-13,515.97,1,1.0,1
2024-03-14,514.95,1,1.0,1
2024-03-15,509.83,1,1.0,1
2024-03-18,512.86,1,1.0,1
2024-03-19,515.71,1,1.0,1
2024-03-20,520.48,1,1.0,1
2024-03-21,522.2,1,1.0,1
2024-03-22,521.21,1,1.0,1
2024-03-25,519.77,1,1.0,1
2024-03-26,518.81,1,1.0,1
2024-03-27,523.17,1,1.0,1
2024-03-28,523.07,1,1.0,1
2024-04-01,522.16,1,1.0,1
2024-04-02,518.84,1,1.0,1
2024-04-03,519.41,1,1.0,1
2024-04-04,513.07,1,1.0,1
2024-04-05,518.43,1,0.0,0
2024-04-08,518.72,1,0.0,0
2024-04-09,519.32,1,0.0,0
2024-04-10,514.12,1,0.0,0
2024-04-11,518.0,1,0.0,0
2024-04-12,510.85,1,0.0,0
2024-04-15,504.45,1,0.0,0
2024-04-16,503.53,1,0.0,0
2024-04-17,500.55,1,0.0,0
2024-04-18,499.52,1,1.0,1
2024-04-19,495.16,1,1.0,1
2024-04-22,499.72,1,1.0,1
2024-04-23,505.65,1,1.0,1
2024-04-24,505.41,1,1.0,1
2024-04-25,503.49,1,1.0,1
2024-04-26,508.26,1,1.0,1
2024-04-29,510.06,1,1.0,1
2024-04-30,501.98,1,1.0,1
2024-05-01,500.35,1,1.0,1
2024-05-02,505.03,1,1.0,1
2024-05-03,511.29,1,1.0,1
2024-05-06,516.57,1,1.0,1
2024-05-07,517.14,1,1.0,1
2024-05-08,517.19,1,1.0,1
2024-05-09,520.17,1,1.0,1
2024-05-10,520.84,1,1.0,1
2024-05-13,520.91,1,1.0,1
2024-05-14,523.3,1,1.0,1
2024-05-15,529.78,1,1.0,1
2024-05-16,528.69,1,1.0,1
2024-05-17,529.45,1,1.0,1
2024-05-20,530.06,1,1.0,1
2024-05-21,531.36,1,1.0,1
2024-05-22,529.83,1,1.0,1
2024-05-23,525.96,1,1.0,1
2024-05-24,529.44,1,1.0,1
2024-05-28,529.81,1,1.0,1
2024-05-29,526.1,1,1.0,1
2024-05-30,522.61,1,1.0,1
2024-05-31,527.37,1,1.0,1
2024-06-03,527.8,1,1.0,1
2024-06-04,528.39,1,1.0,1
2024-06-05,534.67,1,1.0,1
2024-06-06,534.66,1,1.0,1
2024-06-07,534.01,1,1.0,1
2024-06-10,535.66,1,1.0,1
2024-06-11,536.95,1,1.0,1
2024-06-12,541.36,1,1.0,1
2024-06-13,542.45,1,1.0,1
2024-06-14,542.78,1,1.0,1
2024-06-17,547.1,1,1.0,1
2024-06-18,548.49,1,1.0,1
2024-06-20,547.0,1,1.0,1
2024-06-21,544.51,1,1.0,1
2024-06-24,542.74,1,1.0,1
2024-06-25,544.83,1,1.0,1
2024-06-26,545.51,1,1.0,1
2024-06-27,546.37,1,1.0,1
2024-06-28,544.22,1,1.0,1
2024-07-01,545.34,1,1.0,1
2024-07-02,549.01,1,1.0,1
2024-07-03,551.46,1,1.0,1
2024-07-05,554.64,1,1.0,1
2024-07-08,555.28,1,1.0,1
2024-07-09,555.82,1,1.0,1
2024-07-10,561.32,1,1.0,1
2024-07-11,556.48,1,1.0,1
2024-07-12,559.99,1,1.0,1
2024-07-15,561.53,1,1.0,1
2024-07-16,564.86,0,1.0,0
2024-07-17,556.94,0,1.0,0
2024-07-18,552.66,0,1.0,0
2024-07-19,548.99,0,1.0,0
2024-07-22,554.65,0,1.0,0
2024-07-23,553.78,-1,0.0,0
2024-07-24,541.23,-1,-1.0,-1
2024-07-25,538.41,-1,-1.0,-1
2024-07-26,544.44,-1,-1.0,-1
2024-07-29,544.76,-1,-1.0,-1
2024-07-30,542.0,-1,-1.0,-1
2024-07-31,550.81,-1,-1.0,-1
2024-08-01,543.01,-1,-1.0,-1
2024-08-02,532.9,-1,-1.0,-1
2024-08-05,517.38,-1,0.0,0
2024-08-06,522.15,-1,0.0,0
2024-08-07,518.66,-1,0.0,0
2024-08-08,530.65,-1,0.0,0
2024-08-09,532.99,-1,0.0,0
2024-08-12,533.27,0,-1.0,0
2024-08-13,542.04,0,-1.0,0
2024-08-14,543.75,0,-1.0,0
2024-08-15,553.07,0,-1.0,0
2024-08-16,554.31,0,-1.0,0
2024-08-19,559.61,0,-1.0,0
2024-08-20,558.7,1,0.0,0
2024-08-21,560.62,1,0.0,0
2024-08-22,556.22,1,1.0,1
2024-08-23,562.13,1,1.0,1
2024-08-26,560.79,1,1.0,1
2024-08-27,561.56,1,0.0,0
2024-08-28,558.3,1,0.0,0
2024-08-29,558.35,0,0.0,0
2024-08-30,563.68,0,0.0,0
2024-09-03,552.08,-1,0.0,0
2024-09-04,550.95,0,0.0,0
2024-09-05,549.61,0,0.0,0
2024-09-06,540.36,0,1.0,0
2024-09-09,546.41,0,1.0,0
2024-09-10,548.79,0,1.0,0
2024-09-11,554.42,0,1.0,0
2024-09-12,559.09,1,1.0,1
2024-09-13,562.01,1,0.0,0
2024-09-16,562.84,1,0.0,0
2024-09-17,563.07,1,0.0,0
2024-09-18,561.4,1,0.0,0
2024-09-19,570.98,1,1.0,1
2024-09-20,568.25,1,1.0,1
2024-09-23,569.67,1,1.0,1
2024-09-24,571.3,1,1.0,1
2024-09-25,570.04,1,1.0,1
2024-09-26,572.3,1,1.0,1
2024-09-27,571.47,1,1.0,1
2024-09-30,573.76,1,1.0,1
2024-10-01,568.62,1,1.0,1
2024-10-02,568.86,1,1.0,1
2024-10-03,567.82,1,1.0,1
2024-10-04,572.98,1,1.0,1
2024-10-07,567.8,1,1.0,1
2024-10-08,573.17,1,1.0,1
2024-10-09,577.14,1,1.0,1
2024-10-10,576.13,1,1.0,1
2024-10-11,579.58,1,1.0,1
2024-10-14,584.32,1,1.0,1
2024-10-15,579.78,1,1.0,1
2024-10-16,582.3,1,1.0,1
2024-10-17,582.35,1,1.0,1
2024-10-18,584.59,1,1.0,1
2024-10-21,583.63,1,1.0,1
2024-10-22,583.32,1,1.0,1
2024-10-23,577.99,1,1.0,1
2024-10-24,579.24,1,0.0,0
2024-10-25,579.04,1,0.0,0
2024-10-28,580.83,1,0.0,0
2024-10-29,581.77,1,0.0,0
2024-10-30,580.01,0,0.0,0
2024-10-31,568.64,-1,0.0,0
2024-11-01,571.04,-1,1.0,0
2024-11-04,569.81,-1,1.0,0
2024-11-05,576.7,-1,0.0,0
2024-11-06,591.04,-1,0.0,0
2024-11-07,595.61,0,-1.0,0
2024-11-08,598.19,1,-1.0,0
2024-11-11,598.76,1,-1.0,0
2024-11-12,596.9,1,-1.0,0
2024-11-13,597.19,1,-1.0,0
2024-11-14,593.35,1,-1.0,0
2024-11-15,585.75,1,0.0,0
2024-11-18,588.15,1,0.0,0
2024-11-19,590.3,1,0.0,0
2024-11-20,590.5,1,0.0,0
2024-11-21,593.67,1,-1.0,0
2024-11-22,595.51,1,-1.0,0
2024-11-25,597.53,1,-1.0,0
2024-11-26,600.65,1,-1.0,0
2024-11-27,598.83,1,-1.0,0
2024-11-29,602.55,1,-1.0,0
2024-12-02,603.63,1,-1.0,0
2024-12-03,603.91,1,-1.0,0
2024-12-04,607.66,1,-1.0,0
2024-12-05,606.66,1,-1.0,0
2024-12-06,607.81,1,-1.0,0
2024-12-09,604.68,1,-1.0,0
2024-12-10,602.8,1,-1.0,0
2024-12-11,607.46,1,-1.0,0
2024-12-12,604.33,1,-1.0,0
2024-12-13,604.21,1,-1.0,0
2024-12-16,606.79,1,-1.0,0
2024-12-17,604.29,0,-1.0,0
2024-12-18,586.28,-1,-1.0,-1
2024-12-19,586.1,0,-1.0,0
2024-12-20,591.15,0,-1.0,0
2024-12-23,594.69,0,-1.0,0
2024-12-24,601.3,0,-1.0,0
2024-12-26,601.34,0,-1.0,0
2024-12-27,595.01,0,-1.0,0
2024-12-30,588.22,0,-1.0,0
2024-12-31,586.08,0,-1.0,0
