date,regime_signal_fftfeat,close,regime_signal_fused,regime_signal_combined
2014-01-03,1,182.89,0,1
2014-01-06,1,182.36,0,1
2014-01-07,1,183.48,0,1
2014-01-08,1,183.52,0,1
2014-01-09,1,183.64,0,1
2014-01-10,1,184.14,0,1
2014-01-13,1,181.69,0,1
2014-01-14,1,183.67,0,1
2014-01-15,1,184.66,0,1
2014-01-16,1,184.42,0,1
2014-01-17,1,183.64,0,1
2014-01-21,1,184.18,0,1
2014-01-22,1,184.3,0,1
2014-01-23,1,182.79,0,1
2014-01-24,1,178.89,-1,1
2014-01-27,1,178.01,-1,1
2014-01-28,1,179.07,-1,1
2014-01-29,1,177.35,-1,1
2014-01-30,0,179.23,-1,0
2014-01-31,0,178.18,-1,0
2014-02-03,0,174.17,-1,0
2014-02-04,1,175.39,0,1
2014-02-05,1,175.17,0,1
2014-02-06,1,177.48,0,1
2014-02-07,1,179.68,0,1
2014-02-10,1,180.01,0,1
2014-02-11,1,181.98,0,1
2014-02-12,1,182.07,0,1
2014-02-13,1,183.01,0,1
2014-02-14,1,184.02,0,1
2014-02-18,1,184.24,0,1
2014-02-19,1,183.02,0,1
2014-02-20,1,184.1,0,1
2014-02-21,1,183.89,0,1
2014-02-24,1,184.91,0,1
2014-02-25,1,184.84,0,1
2014-02-26,1,184.85,0,1
2014-02-27,1,185.82,0,1
2014-02-28,1,186.29,0,1
2014-03-03,1,184.98,0,1
2014-03-04,1,187.58,0,1
2014-03-05,1,187.75,0,1
2014-03-06,1,188.18,0,1
2014-03-07,1,188.26,0,1
2014-03-10,1,188.16,0,1
2014-03-11,1,187.23,0,1
2014-03-12,1,187.28,0,1
2014-03-13,1,185.18,0,1
2014-03-14,1,184.66,0,1
2014-03-17,1,186.33,0,1
2014-03-18,1,187.66,0,1
2014-03-19,1,186.66,0,1
2014-03-20,1,187.75,0,1
2014-03-21,1,186.2,0,1
2014-03-24,1,185.43,0,1
2014-03-25,1,186.31,0,1
2014-03-26,1,184.97,0,1
2014-03-27,1,184.58,0,1
2014-03-28,1,185.49,0,1
2014-03-31,1,187.01,0,1
2014-04-01,1,188.25,0,1
2014-04-02,1,188.88,0,1
2014-04-03,1,188.63,0,1
2014-04-04,0,186.4,0,0
2014-04-07,0,184.34,0,0
2014-04-08,0,185.1,0,0
2014-04-09,0,187.09,0,0
2014-04-10,-1,183.16,-1,-2
2014-04-11,0,181.51,0,0
2014-04-14,0,182.94,0,0
2014-04-15,0,184.2,0,0
2014-04-16,1,186.13,0,1
2014-04-17,1,186.39,0,1
2014-04-21,1,187.04,0,1
2014-04-22,1,187.89,0,1
2014-04-23,1,187.45,0,1
2014-04-24,1,187.83,0,1
2014-04-25,1,186.29,0,1
2014-04-28,1,186.88,0,1
2014-04-29,1,187.75,0,1
2014-04-30,1,188.31,0,1
2014-05-01,1,188.33,0,1
2014-05-02,1,188.06,0,1
2014-05-05,1,188.42,0,1
2014-05-06,1,186.78,0,1
2014-05-07,1,187.88,0,1
2014-05-08,1,187.68,0,1
2014-05-09,1,187.96,0,1
2014-05-12,1,189.79,0,1
2014-05-13,1,189.96,0,1
2014-05-14,1,189.06,0,1
2014-05-15,1,187.4,0,1
2014-05-16,1,188.05,0,1
2014-05-19,1,188.74,0,1
2014-05-20,1,187.55,0,1
2014-05-21,1,189.13,0,1
2014-05-22,1,189.59,0,1
2014-05-23,1,190.35,0,1
2014-05-27,1,191.52,0,1
2014-05-28,1,191.38,1,2
2014-05-29,1,192.37,1,2
2014-05-30,1,192.68,1,2
2014-06-02,1,192.9,1,2
2014-06-03,1,192.8,1,2
2014-06-04,1,193.19,1,2
2014-06-05,1,194.45,1,2
2014-06-06,1,195.38,1,2
2014-06-09,1,195.58,1,2
2014-06-10,1,195.6,1,2
2014-06-11,1,194.92,1,2
2014-06-12,1,193.54,1,2
2014-06-13,1,194.13,1,2
2014-06-16,1,194.29,1,2
2014-06-17,1,194.83,1,2
2014-06-18,1,196.26,1,2
2014-06-19,1,196.48,1,2
2014-06-20,1,195.94,1,2
2014-06-23,1,195.88,1,2
2014-06-24,1,194.7,1,2
2014-06-25,1,195.58,1,2
2014-06-26,1,195.44,1,2
2014-06-27,1,195.82,1,2
2014-06-30,1,195.72,1,2
2014-07-01,1,197.03,1,2
2014-07-02,1,197.23,0,1
2014-07-03,1,198.2,1,2
2014-07-07,1,197.51,1,2
2014-07-08,1,196.24,1,2
2014-07-09,1,197.12,1,2
2014-07-10,1,196.34,1,2
2014-07-11,1,196.61,1,2
2014-07-14,1,197.6,1,2
2014-07-15,1,197.23,1,2
2014-07-16,1,197.96,1,2
2014-07-17,1,195.71,1,2
2014-07-18,1,197.71,1,2
2014-07-21,1,197.34,1,2
2014-07-22,1,198.2,1,2
2014-07-23,1,198.64,1,2
2014-07-24,1,198.65,1,2
2014-07-25,1,197.72,0,1
2014-07-28,1,197.8,0,1
2014-07-29,1,196.95,0,1
2014-07-30,1,196.98,0,1
2014-07-31,0,193.09,0,0
2014-08-01,1,192.5,0,1
2014-08-04,1,193.89,0,1
2014-08-05,1,192.01,0,1
2014-08-06,1,192.07,0,1
2014-08-07,1,191.03,0,1
2014-08-08,1,193.24,0,1
2014-08-11,1,193.8,0,1
2014-08-12,1,193.53,0,1
2014-08-13,1,194.84,0,1
2014-08-14,1,195.76,0,1
2014-08-15,1,195.72,0,1
2014-08-18,1,197.36,0,1
2014-08-19,1,198.39,0,1
2014-08-20,1,198.92,0,1
2014-08-21,1,199.5,0,1
2014-08-22,1,199.19,1,2
2014-08-25,1,200.2,1,2
2014-08-26,1,200.33,1,2
2014-08-27,1,200.25,1,2
2014-08-28,1,200.14,1,2
2014-08-29,1,200.71,1,2
2014-09-02,1,200.61,1,2
2014-09-03,1,200.5,1,2
2014-09-04,1,200.21,1,2
2014-09-05,1,201.11,1,2
2014-09-08,1,200.59,1,2
2014-09-09,1,199.32,1,2
2014-09-10,1,200.07,1,2
2014-09-11,1,200.3,1,2
2014-09-12,1,199.13,1,2
2014-09-15,1,198.98,1,2
2014-09-16,1,200.48,1,2
2014-09-17,1,200.75,1,2
2014-09-18,1,201.82,1,2
2014-09-19,1,200.7,1,2
2014-09-22,1,199.15,1,2
2014-09-23,0,198.01,0,0
2014-09-24,0,199.56,0,0
2014-09-25,0,196.34,0,0
2014-09-26,0,197.9,0,0
2014-09-29,0,197.54,0,0
2014-09-30,0,197.02,0,0
2014-10-01,0,194.35,0,0
2014-10-02,0,194.38,0,0
2014-10-03,0,196.52,0,0
2014-10-06,-1,196.29,-1,-2
2014-10-07,-1,193.26,0,-1
2014-10-08,-1,196.64,0,-1
2014-10-09,-1,192.74,0,-1
2014-10-10,-1,190.54,0,-1
2014-10-13,-1,187.41,0,-1
2014-10-14,-1,187.7,0,-1
2014-10-15,-1,186.43,0,-1
2014-10-16,-1,186.27,0,-1
2014-10-17,-1,188.47,0,-1
2014-10-20,-1,190.3,0,-1
2014-10-21,-1,194.07,0,-1
2014-10-22,0,192.69,0,0
2014-10-23,0,194.93,0,0
2014-10-24,0,196.43,0,0
2014-10-27,0,196.16,1,0
2014-10-28,1,198.41,1,2
2014-10-29,1,198.11,1,2
2014-10-30,1,199.38,1,2
2014-10-31,1,201.66,1,2
2014-11-03,1,201.77,1,2
2014-11-04,1,201.07,1,2
2014-11-05,1,202.34,1,2
2014-11-06,1,203.15,1,2
2014-11-07,1,203.34,1,2
2014-11-10,1,203.98,1,2
2014-11-11,1,204.18,1,2
2014-11-12,1,203.96,1,2
2014-11-13,1,204.19,1,2
2014-11-14,1,204.24,1,2
2014-11-17,1,204.37,1,2
2014-11-18,1,205.55,1,2
2014-11-19,1,205.22,1,2
2014-11-20,1,205.58,1,2
2014-11-21,1,206.68,1,2
2014-11-24,1,207.26,1,2
2014-11-25,1,207.11,1,2
2014-11-26,1,207.64,1,2
2014-11-28,1,207.2,1,2
2014-12-01,1,205.76,1,2
2014-12-02,1,207.09,1,2
2014-12-03,1,207.89,1,2
2014-12-04,1,207.66,1,2
2014-12-05,1,208.0,1,2
2014-12-08,0,206.61,0,0
2014-12-09,0,206.47,0,0
2014-12-10,-1,203.16,0,-1
2014-12-11,-1,204.19,0,-1
2014-12-12,-1,200.89,0,-1
2014-12-15,-1,199.51,0,-1
2014-12-16,-1,197.91,0,-1
2014-12-17,-1,201.79,0,-1
2014-12-18,-1,206.78,0,-1
2014-12-19,0,206.52,0,0
2014-12-22,0,207.47,0,0
2014-12-23,0,207.75,1,0
2014-12-24,1,207.77,1,2
2014-12-26,1,208.44,1,2
2014-12-29,0,208.72,0,0
2014-12-30,0,207.6,0,0
2014-12-31,0,205.54,0,0
2015-01-02,0,205.43,0,0
2015-01-05,-1,201.72,0,-1
2015-01-06,-1,199.82,0,-1
2015-01-07,-1,202.31,0,-1
2015-01-08,-1,205.9,0,-1
2015-01-09,-1,204.25,0,-1
2015-01-12,-1,202.65,0,-1
2015-01-13,-1,202.08,0,-1
2015-01-14,-1,200.86,0,-1
2015-01-15,-1,199.02,0,-1
2015-01-16,-1,201.63,0,-1
2015-01-20,-1,202.06,0,-1
2015-01-21,-1,203.08,0,-1
2015-01-22,-1,206.1,0,-1
2015-01-23,-1,204.97,0,-1
2015-01-26,-1,205.45,0,-1
2015-01-27,-1,202.74,0,-1
2015-01-28,-1,200.14,0,-1
2015-01-29,-1,201.99,0,-1
2015-01-30,-1,199.45,0,-1
2015-02-02,-1,201.92,0,-1
2015-02-03,-1,204.84,0,-1
2015-02-04,0,204.06,0,0
2015-02-05,0,206.12,0,0
2015-02-06,1,205.55,1,2
2015-02-09,1,204.63,1,2
2015-02-10,1,206.81,1,2
2015-02-11,1,206.93,1,2
2015-02-12,1,208.92,1,2
2015-02-13,1,209.78,1,2
2015-02-17,1,210.11,1,2
2015-02-18,1,210.13,1,2
2015-02-19,1,209.98,1,2
2015-02-20,1,211.24,1,2
2015-02-23,1,211.21,1,2
2015-02-24,1,211.81,1,2
2015-02-25,1,211.63,1,2
2015-02-26,1,211.38,1,2
2015-02-27,1,210.66,1,2
2015-03-02,1,211.99,1,2
2015-03-03,1,211.12,1,2
2015-03-04,1,210.23,1,2
2015-03-05,1,210.46,1,2
2015-03-06,0,207.5,0,0
2015-03-09,0,208.36,0,0
2015-03-10,0,204.98,0,0
2015-03-11,0,204.5,0,0
2015-03-12,0,207.1,0,0
2015-03-13,0,205.83,0,0
2015-03-16,0,208.58,0,0
2015-03-17,1,207.96,1,2
2015-03-18,1,210.46,1,2
2015-03-19,1,209.5,1,2
2015-03-20,1,210.41,1,2
2015-03-23,1,210.0,1,2
2015-03-24,1,208.82,1,2
2015-03-25,1,205.76,1,2
2015-03-26,1,205.27,1,2
2015-03-27,1,205.74,1,2
2015-03-30,1,208.25,1,2
2015-03-31,1,206.43,1,2
2015-04-01,1,205.7,1,2
2015-04-02,1,206.44,1,2
2015-04-06,1,207.83,1,2
2015-04-07,1,207.28,1,2
2015-04-08,1,207.98,1,2
2015-04-09,1,208.9,1,2
2015-04-10,1,210.04,1,2
2015-04-13,1,209.09,1,2
2015-04-14,1,209.49,1,2
2015-04-15,1,210.43,1,2
2015-04-16,1,210.37,1,2
2015-04-17,1,207.95,1,2
2015-04-20,1,209.85,1,2
2015-04-21,1,209.6,1,2
2015-04-22,1,210.63,1,2
2015-04-23,1,211.16,1,2
2015-04-24,1,211.65,1,2
2015-04-27,1,210.77,1,2
2015-04-28,1,211.44,1,2
2015-04-29,1,210.57,1,2
2015-04-30,1,208.46,1,2
2015-05-01,1,210.72,1,2
2015-05-04,1,211.32,1,2
2015-05-05,1,208.9,1,2
2015-05-06,1,208.04,1,2
2015-05-07,1,208.87,1,2
2015-05-08,1,211.62,1,2
2015-05-11,1,210.61,1,2
2015-05-12,1,209.98,1,2
2015-05-13,1,210.02,1,2
2015-05-14,1,212.21,1,2
2015-05-15,1,212.44,1,2
2015-05-18,1,213.1,1,2
2015-05-19,1,213.03,1,2
2015-05-20,1,212.88,1,2
2015-05-21,1,213.5,1,2
2015-05-22,1,212.99,1,2
2015-05-26,1,210.7,1,2
2015-05-27,1,212.7,1,2
2015-05-28,1,212.46,1,2
2015-05-29,1,211.14,1,2
2015-06-01,1,211.57,1,2
2015-06-02,1,211.36,1,2
2015-06-03,1,211.92,1,2
2015-06-04,1,210.13,1,2
2015-06-05,1,209.77,1,2
2015-06-08,1,208.42,1,2
2015-06-09,1,208.45,1,2
2015-06-10,1,210.96,1,2
2015-06-11,1,211.65,1,2
2015-06-12,1,209.93,1,2
2015-06-15,1,209.1,1,2
2015-06-16,1,210.25,1,2
2015-06-17,1,210.59,1,2
2015-06-18,1,212.71,1,2
2015-06-19,1,210.81,1,2
2015-06-22,1,211.89,1,2
2015-06-23,1,212.05,1,2
2015-06-24,1,210.51,1,2
2015-06-25,1,209.83,1,2
2015-06-26,0,209.9,0,0
2015-06-29,0,205.47,0,0
2015-06-30,0,205.89,0,0
2015-07-01,0,207.57,0,0
2015-07-02,0,207.32,0,0
2015-07-06,0,206.67,0,0
2015-07-07,0,208.01,0,0
2015-07-08,0,204.53,0,0
2015-07-09,0,204.8,1,0
2015-07-10,0,207.48,1,0
2015-07-13,1,209.76,1,2
2015-07-14,1,210.72,1,2
2015-07-15,1,210.63,1,2
2015-07-16,1,212.27,1,2
2015-07-17,1,212.47,1,2
2015-07-20,1,212.62,1,2
2015-07-21,1,211.76,1,2
2015-07-22,1,211.29,1,2
2015-07-23,1,210.14,1,2
2015-07-24,1,207.94,1,2
2015-07-27,1,206.74,1,2
2015-07-28,1,209.31,1,2
2015-07-29,1,210.77,1,2
2015-07-30,1,210.82,1,2
2015-07-31,1,210.45,1,2
2015-08-03,1,209.73,1,2
2015-08-04,1,209.32,1,2
2015-08-05,1,210.1,1,2
2015-08-06,1,208.35,1,2
2015-08-07,1,207.92,1,2
2015-08-10,1,210.63,0,1
2015-08-11,1,208.66,0,1
2015-08-12,1,208.92,0,1
2015-08-13,1,208.7,0,1
2015-08-14,1,209.36,0,1
2015-08-17,1,210.56,0,1
2015-08-18,0,209.93,0,0
2015-08-19,0,208.28,0,0
2015-08-20,-1,204.01,-1,-2
2015-08-21,-1,197.63,-1,-2
2015-08-24,-1,189.5,-1,-2
2015-08-25,-1,187.23,-1,-2
2015-08-26,-1,194.68,0,-1
2015-08-27,-1,199.16,0,-1
2015-08-28,-1,199.24,0,-1
2015-08-31,-1,197.54,0,-1
2015-09-01,-1,191.77,0,-1
2015-09-02,-1,195.41,0,-1
2015-09-03,-1,195.65,0,-1
2015-09-04,-1,192.59,0,-1
2015-09-08,-1,197.46,0,-1
2015-09-09,-1,194.76,0,-1
2015-09-10,-1,195.85,0,-1
2015-09-11,-1,196.74,0,-1
2015-09-14,-1,195.98,0,-1
2015-09-15,-1,198.45,0,-1
2015-09-16,-1,200.14,0,-1
2015-09-17,-1,199.7,0,-1
2015-09-18,-1,195.36,0,-1
2015-09-21,-1,196.44,0,-1
2015-09-22,-1,193.9,0,-1
2015-09-23,-1,193.6,0,-1
2015-09-24,-1,192.93,0,-1
2015-09-25,-1,192.87,0,-1
2015-09-28,-1,187.91,0,-1
2015-09-29,-1,188.08,0,-1
2015-09-30,-1,191.59,0,-1
2015-10-01,-1,192.13,0,-1
2015-10-02,-1,195.0,0,-1
2015-10-05,-1,198.47,0,-1
2015-10-06,0,197.79,0,0
2015-10-07,0,199.41,0,0
2015-10-08,0,201.21,0,0
2015-10-09,1,201.33,1,2
2015-10-12,1,201.52,1,2
2015-10-13,1,200.25,1,2
2015-10-14,1,199.29,1,2
2015-10-15,1,202.35,1,2
2015-10-16,1,203.27,1,2
2015-10-19,1,203.37,1,2
2015-10-20,1,203.11,1,2
2015-10-21,1,201.85,1,2
2015-10-22,1,205.21,1,2
2015-10-23,1,207.52,1,2
2015-10-26,1,206.99,1,2
2015-10-27,1,206.57,1,2
2015-10-28,1,208.94,1,2
2015-10-29,1,208.89,1,2
2015-10-30,1,207.93,1,2
2015-11-02,1,210.39,1,2
2015-11-03,1,211.0,1,2
2015-11-04,1,210.38,1,2
2015-11-05,1,210.15,1,2
2015-11-06,1,210.04,1,2
2015-11-09,1,208.08,1,2
2015-11-10,1,208.56,1,2
2015-11-11,0,207.74,1,0
2015-11-12,0,204.84,0,0
2015-11-13,0,202.54,0,0
2015-11-16,0,205.62,0,0
2015-11-17,0,205.47,0,0
2015-11-18,0,208.73,0,0
2015-11-19,1,208.55,1,2
2015-11-20,1,209.31,1,2
2015-11-23,1,209.07,1,2
2015-11-24,1,209.35,1,2
2015-11-25,1,209.32,1,2
2015-11-27,1,209.56,1,2
2015-11-30,0,208.69,0,0
2015-12-01,0,210.68,0,0
2015-12-02,-1,208.53,0,-1
2015-12-03,-1,205.61,0,-1
2015-12-04,-1,209.62,0,-1
2015-12-07,-1,208.35,0,-1
2015-12-08,-1,206.95,0,-1
2015-12-09,-1,205.34,0,-1
2015-12-10,-1,205.87,0,-1
2015-12-11,-1,201.88,0,-1
2015-12-14,-1,202.9,0,-1
2015-12-15,-1,205.03,0,-1
2015-12-16,-1,208.03,0,-1
2015-12-17,-1,204.86,0,-1
2015-12-18,-1,200.02,0,-1
2015-12-21,-1,201.67,0,-1
2015-12-22,-1,203.5,0,-1
2015-12-23,-1,206.02,0,-1
2015-12-24,-1,205.68,0,-1
2015-12-28,-1,205.21,0,-1
2015-12-29,-1,207.4,0,-1
2015-12-30,-1,205.93,-1,-2
2015-12-31,-1,203.87,-1,-2
2016-01-04,-1,201.02,-1,-2
2016-01-05,-1,201.36,-1,-2
2016-01-06,-1,198.82,-1,-2
2016-01-07,-1,194.05,-1,-2
2016-01-08,-1,191.92,-1,-2
2016-01-11,-1,192.11,-1,-2
2016-01-12,-1,193.66,-1,-2
2016-01-13,-1,188.83,-1,-2
2016-01-14,-1,191.93,-1,-2
2016-01-15,-1,187.81,0,-1
2016-01-19,-1,188.06,0,-1
2016-01-20,-1,185.65,0,-1
2016-01-21,-1,186.69,0,-1
2016-01-22,-1,190.52,0,-1
2016-01-25,-1,187.64,0,-1
2016-01-26,-1,190.2,0,-1
2016-01-27,-1,188.13,0,-1
2016-01-28,-1,189.11,0,-1
2016-01-29,-1,193.72,0,-1
2016-02-01,-1,193.65,0,-1
2016-02-02,-1,190.16,0,-1
2016-02-03,-1,191.3,0,-1
2016-02-04,-1,191.6,0,-1
2016-02-05,-1,187.95,0,-1
2016-02-08,-1,185.42,0,-1
2016-02-09,-1,185.43,0,-1
2016-02-10,-1,185.27,0,-1
2016-02-11,-1,182.86,0,-1
2016-02-12,-1,186.63,0,-1
2016-02-16,-1,189.78,0,-1
2016-02-17,-1,192.88,0,-1
2016-02-18,-1,192.09,0,-1
2016-02-19,-1,192.0,0,-1
2016-02-22,-1,194.78,0,-1
2016-02-23,-1,192.32,0,-1
2016-02-24,-1,193.2,0,-1
2016-02-25,-1,195.54,0,-1
2016-02-26,-1,195.09,0,-1
2016-02-29,-1,193.56,0,-1
2016-03-01,-1,198.11,0,-1
2016-03-02,0,199.0,0,0
2016-03-03,0,199.78,1,0
2016-03-04,1,200.43,1,2
2016-03-07,1,200.59,1,2
2016-03-08,1,198.4,1,2
2016-03-09,1,199.38,1,2
2016-03-10,1,199.54,1,2
2016-03-11,1,202.76,1,2
2016-03-14,1,202.5,1,2
2016-03-15,1,202.17,1,2
2016-03-16,1,203.34,1,2
2016-03-17,1,204.63,1,2
2016-03-18,1,204.38,1,2
2016-03-21,1,204.67,1,2
2016-03-22,1,204.56,1,2
2016-03-23,1,203.21,1,2
2016-03-24,1,203.12,1,2
2016-03-28,1,203.24,1,2
2016-03-29,1,205.12,1,2
2016-03-30,1,206.02,1,2
2016-03-31,1,205.52,1,2
2016-04-01,1,206.92,1,2
2016-04-04,1,206.25,1,2
2016-04-05,1,204.19,1,2
2016-04-06,1,206.42,1,2
2016-04-07,1,203.95,1,2
2016-04-08,1,204.5,1,2
2016-04-11,1,204.02,1,2
2016-04-12,1,205.92,1,2
2016-04-13,1,208.0,1,2
2016-04-14,1,208.01,1,2
2016-04-15,1,207.78,1,2
2016-04-18,1,209.24,1,2
2016-04-19,1,209.9,1,2
2016-04-20,1,210.1,1,2
2016-04-21,1,208.97,1,2
2016-04-22,1,208.97,1,2
2016-04-25,1,208.61,1,2
2016-04-26,1,208.92,1,2
2016-04-27,1,209.35,1,2
2016-04-28,1,207.45,1,2
2016-04-29,1,206.33,1,2
2016-05-02,1,207.97,1,2
2016-05-03,1,206.16,1,2
2016-05-04,1,205.01,1,2
2016-05-05,1,204.97,1,2
2016-05-06,1,205.72,1,2
2016-05-09,1,205.89,1,2
2016-05-10,1,208.45,1,2
2016-05-11,1,206.5,1,2
2016-05-12,1,206.56,1,2
2016-05-13,1,204.76,1,2
2016-05-16,1,206.78,1,2
2016-05-17,1,204.85,1,2
2016-05-18,1,204.91,1,2
2016-05-19,1,204.2,1,2
2016-05-20,1,205.49,1,2
2016-05-23,1,205.21,1,2
2016-05-24,1,207.87,1,2
2016-05-25,1,209.28,1,2
2016-05-26,1,209.34,1,2
2016-05-27,1,210.24,1,2
2016-05-31,1,209.84,1,2
2016-06-01,1,210.27,1,2
2016-06-02,1,210.91,1,2
2016-06-03,1,210.28,1,2
2016-06-06,1,211.35,1,2
2016-06-07,1,211.68,1,2
2016-06-08,1,212.37,1,2
2016-06-09,1,212.08,1,2
2016-06-10,1,210.07,1,2
2016-06-13,1,208.45,1,2
2016-06-14,1,208.04,1,2
2016-06-15,1,207.75,1,2
2016-06-16,1,208.37,1,2
2016-06-17,1,206.52,1,2
2016-06-20,1,207.85,1,2
2016-06-21,1,208.44,1,2
2016-06-22,0,208.1,0,0
2016-06-23,0,210.81,0,0
2016-06-24,-1,203.24,0,-1
2016-06-27,-1,199.6,0,-1
2016-06-28,-1,203.2,0,-1
2016-06-29,-1,206.66,0,-1
2016-06-30,-1,209.48,0,-1
2016-07-01,0,209.92,0,0
2016-07-05,0,208.41,0,0
2016-07-06,0,209.66,1,0
2016-07-07,1,209.53,1,2
2016-07-08,1,212.65,1,2
2016-07-11,1,213.4,1,2
2016-07-12,1,214.95,1,2
2016-07-13,1,214.92,1,2
2016-07-14,1,216.12,1,2
2016-07-15,1,215.83,1,2
2016-07-18,1,216.41,1,2
2016-07-19,1,216.19,1,2
2016-07-20,1,217.09,1,2
2016-07-21,1,216.27,1,2
2016-07-22,1,217.24,1,2
2016-07-25,1,216.65,1,2
2016-07-26,1,216.75,1,2
2016-07-27,1,216.52,1,2
2016-07-28,1,216.77,1,2
2016-07-29,1,217.12,1,2
2016-08-01,1,216.94,1,2
2016-08-02,1,215.55,1,2
2016-08-03,1,216.18,1,2
2016-08-04,1,216.41,1,2
2016-08-05,1,218.18,1,2
2016-08-08,1,218.05,1,2
2016-08-09,1,218.18,1,2
2016-08-10,1,217.64,1,2
2016-08-11,1,218.65,1,2
2016-08-12,1,218.46,1,2
2016-08-15,1,219.09,1,2
2016-08-16,1,217.96,1,2
2016-08-17,1,218.37,1,2
2016-08-18,1,218.86,1,2
2016-08-19,1,218.54,1,2
2016-08-22,1,218.53,1,2
2016-08-23,1,218.97,1,2
2016-08-24,1,217.85,1,2
2016-08-25,1,217.7,1,2
2016-08-26,1,217.29,1,2
2016-08-29,1,218.36,1,2
2016-08-30,1,218.0,1,2
2016-08-31,1,217.38,1,2
2016-09-01,1,217.39,1,2
2016-09-02,1,218.37,1,2
2016-09-06,1,219.03,1,2
2016-09-07,1,219.01,1,2
2016-09-08,0,218.51,0,0
2016-09-09,-1,213.28,0,-1
2016-09-12,-1,216.34,0,-1
2016-09-13,-1,213.23,0,-1
2016-09-14,0,213.15,0,0
2016-09-15,0,215.28,0,0
2016-09-16,0,213.37,0,0
2016-09-19,1,213.41,1,2
2016-09-20,1,213.42,1,2
2016-09-21,1,215.82,1,2
2016-09-22,1,217.18,1,2
2016-09-23,1,215.99,1,2
2016-09-26,1,214.24,1,2
2016-09-27,1,215.57,1,2
2016-09-28,1,216.64,1,2
2016-09-29,1,214.68,1,2
2016-09-30,1,216.3,1,2
2016-10-03,1,215.78,1,2
2016-10-04,1,214.68,1,2
2016-10-05,1,215.63,1,2
2016-10-06,1,215.78,1,2
2016-10-07,1,215.04,1,2
2016-10-10,1,216.16,1,2
2016-10-11,1,213.43,1,2
2016-10-12,1,213.71,1,2
2016-10-13,1,213.01,1,2
2016-10-14,1,213.12,1,2
2016-10-17,1,212.38,1,2
2016-10-18,1,213.71,1,2
2016-10-19,1,214.28,1,2
2016-10-20,1,213.88,1,2
2016-10-21,1,213.98,1,2
2016-10-24,1,214.89,1,2
2016-10-25,1,214.17,1,2
2016-10-26,1,213.74,1,2
2016-10-27,1,213.17,1,2
2016-10-28,1,212.54,1,2
2016-10-31,1,212.55,1,2
2016-11-01,1,211.01,1,2
2016-11-02,1,209.74,1,2
2016-11-03,1,208.78,1,2
2016-11-04,1,208.55,1,2
2016-11-07,0,213.15,0,0
2016-11-08,1,214.11,1,2
2016-11-09,1,216.38,1,2
2016-11-10,1,216.92,1,2
2016-11-11,1,216.42,1,2
2016-11-14,1,216.59,1,2
2016-11-15,1,218.28,1,2
2016-11-16,1,217.87,1,2
2016-11-17,1,218.99,1,2
2016-11-18,1,218.5,1,2
2016-11-21,1,220.15,1,2
2016-11-22,1,220.58,1,2
2016-11-23,1,220.7,1,2
2016-11-25,1,221.52,1,2
2016-11-28,1,220.48,1,2
2016-11-29,1,220.91,1,2
2016-11-30,1,220.38,1,2
2016-12-01,1,219.57,1,2
2016-12-02,1,219.68,1,2
2016-12-05,1,221.0,1,2
2016-12-06,1,221.7,1,2
2016-12-07,1,224.6,1,2
2016-12-08,1,225.15,1,2
2016-12-09,1,226.51,1,2
2016-12-12,1,226.25,1,2
2016-12-13,1,227.76,1,2
2016-12-14,1,225.88,1,2
2016-12-15,1,226.81,1,2
2016-12-16,1,225.04,1,2
2016-12-19,1,225.53,1,2
2016-12-20,1,226.4,1,2
2016-12-21,1,225.77,1,2
2016-12-22,1,225.38,1,2
2016-12-23,1,225.71,1,2
2016-12-27,1,226.27,1,2
2016-12-28,1,224.4,1,2
2016-12-29,1,224.35,1,2
2016-12-30,1,223.53,1,2
2017-01-03,1,225.24,1,2
2017-01-04,1,226.58,1,2
2017-01-05,1,226.4,1,2
2017-01-06,1,227.21,1,2
2017-01-09,1,226.46,1,2
2017-01-10,1,226.46,1,2
2017-01-11,1,227.1,1,2
2017-01-12,1,226.53,1,2
2017-01-13,1,227.05,1,2
2017-01-17,1,226.25,1,2
2017-01-18,1,226.75,1,2
2017-01-19,1,225.91,1,2
2017-01-20,1,226.74,1,2
2017-01-23,1,226.15,1,2
2017-01-24,1,227.6,1,2
2017-01-25,1,229.57,1,2
2017-01-26,1,229.33,1,2
2017-01-27,1,228.97,1,2
2017-01-30,1,227.55,1,2
2017-01-31,1,227.53,1,2
2017-02-01,1,227.62,1,2
2017-02-02,1,227.77,1,2
2017-02-03,1,229.34,1,2
2017-02-06,1,228.93,1,2
2017-02-07,1,228.94,1,2
2017-02-08,1,229.24,1,2
2017-02-09,1,230.6,1,2
2017-02-10,1,231.51,1,2
2017-02-13,1,232.77,1,2
2017-02-14,1,233.7,1,2
2017-02-15,1,234.92,1,2
2017-02-16,1,234.72,1,2
2017-02-17,1,235.09,1,2
2017-02-21,1,236.49,1,2
2017-02-22,1,236.28,1,2
2017-02-23,1,236.44,1,2
2017-02-24,1,236.74,1,2
2017-02-27,1,237.11,1,2
2017-02-28,1,236.47,1,2
2017-03-01,1,239.78,1,2
2017-03-02,1,238.27,1,2
2017-03-03,1,238.42,1,2
2017-03-06,1,237.71,1,2
2017-03-07,1,237.0,1,2
2017-03-08,1,236.56,1,2
2017-03-09,1,236.86,1,2
2017-03-10,1,237.69,1,2
2017-03-13,1,237.81,1,2
2017-03-14,1,236.9,1,2
2017-03-15,1,238.95,1,2
2017-03-16,1,238.48,1,2
2017-03-17,1,237.03,1,2
2017-03-20,1,236.77,1,2
2017-03-21,1,233.73,1,2
2017-03-22,1,234.28,1,2
2017-03-23,1,234.03,1,2
2017-03-24,1,233.86,1,2
2017-03-27,1,233.62,1,2
2017-03-28,1,235.32,1,2
2017-03-29,1,235.54,1,2
2017-03-30,1,236.29,1,2
2017-03-31,1,235.74,1,2
2017-04-03,1,235.33,1,2
2017-04-04,1,235.48,1,2
2017-04-05,1,234.78,1,2
2017-04-06,1,235.44,1,2
2017-04-07,1,235.2,1,2
2017-04-10,1,235.34,1,2
2017-04-11,1,235.06,1,2
2017-04-12,1,234.03,1,2
2017-04-13,1,232.51,1,2
2017-04-17,1,234.57,1,2
2017-04-18,1,233.87,1,2
2017-04-19,1,233.44,1,2
2017-04-20,1,235.34,1,2
2017-04-21,1,234.59,1,2
2017-04-24,1,237.17,1,2
2017-04-25,1,238.55,1,2
2017-04-26,1,238.4,1,2
2017-04-27,1,238.6,1,2
2017-04-28,1,238.08,1,2
2017-05-01,1,238.68,1,2
2017-05-02,1,238.77,1,2
2017-05-03,1,238.48,1,2
2017-05-04,1,238.76,1,2
2017-05-05,1,239.7,1,2
2017-05-08,1,239.66,1,2
2017-05-09,1,239.44,1,2
2017-05-10,1,239.87,1,2
2017-05-11,1,239.38,1,2
2017-05-12,1,238.98,1,2
2017-05-15,1,240.3,1,2
2017-05-16,1,240.08,1,2
2017-05-17,1,235.82,1,2
2017-05-18,1,236.77,1,2
2017-05-19,1,238.31,1,2
2017-05-22,1,239.52,1,2
2017-05-23,1,240.05,1,2
2017-05-24,1,240.61,1,2
2017-05-25,1,241.76,1,2
2017-05-26,1,241.71,1,2
2017-05-30,1,241.5,1,2
2017-05-31,1,241.44,1,2
2017-06-01,1,243.36,1,2
2017-06-02,1,244.17,1,2
2017-06-05,1,243.99,1,2
2017-06-06,1,243.21,1,2
2017-06-07,1,243.66,1,2
2017-06-08,1,243.78,1,2
2017-06-09,1,243.41,1,2
2017-06-12,1,243.36,1,2
2017-06-13,1,244.55,1,2
2017-06-14,1,244.24,1,2
2017-06-15,1,243.77,1,2
2017-06-16,1,242.64,1,2
2017-06-19,1,244.66,1,2
2017-06-20,1,243.01,1,2
2017-06-21,1,242.95,1,2
2017-06-22,1,242.84,1,2
2017-06-23,1,243.13,1,2
2017-06-26,1,243.29,1,2
2017-06-27,1,241.33,1,2
2017-06-28,1,243.49,1,2
2017-06-29,1,241.35,1,2
2017-06-30,1,241.8,1,2
2017-07-03,1,242.21,1,2
2017-07-05,1,242.77,1,2
2017-07-06,1,240.55,1,2
2017-07-07,1,242.11,1,2
2017-07-10,1,242.37,1,2
2017-07-11,1,242.19,1,2
2017-07-12,1,244.01,1,2
2017-07-13,1,244.42,1,2
2017-07-14,1,245.56,1,2
2017-07-17,1,245.53,1,2
2017-07-18,1,245.66,1,2
2017-07-19,1,246.99,1,2
2017-07-20,1,247.1,1,2
2017-07-21,1,246.88,1,2
2017-07-24,1,246.82,1,2
2017-07-25,1,247.42,1,2
2017-07-26,1,247.43,1,2
2017-07-27,1,247.2,1,2
2017-07-28,1,246.91,1,2
2017-07-31,1,246.77,1,2
2017-08-01,1,247.32,1,2
2017-08-02,1,247.44,1,2
2017-08-03,1,246.96,1,2
2017-08-04,1,247.41,1,2
2017-08-07,1,247.87,1,2
2017-08-08,1,247.26,1,2
2017-08-09,1,247.25,1,2
2017-08-10,1,243.76,1,2
2017-08-11,1,244.12,1,2
2017-08-14,1,246.54,1,2
2017-08-15,1,246.51,1,2
2017-08-16,1,246.94,1,2
2017-08-17,1,243.09,1,2
2017-08-18,1,242.71,1,2
2017-08-21,1,242.9,1,2
2017-08-22,1,245.44,1,2
2017-08-23,1,244.56,1,2
2017-08-24,1,243.99,1,2
2017-08-25,1,244.56,1,2
2017-08-28,1,244.57,1,2
2017-08-29,1,244.85,1,2
2017-08-30,1,246.01,1,2
2017-08-31,1,247.49,1,2
2017-09-01,1,247.84,1,2
2017-09-05,1,246.06,1,2
2017-09-06,1,246.9,1,2
2017-09-07,1,246.87,1,2
2017-09-08,1,246.58,1,2
2017-09-11,1,249.21,1,2
2017-09-12,1,250.05,1,2
2017-09-13,1,250.17,1,2
2017-09-14,1,250.09,1,2
2017-09-15,1,249.19,1,2
2017-09-18,1,249.72,1,2
2017-09-19,1,249.97,1,2
2017-09-20,1,250.06,1,2
2017-09-21,1,249.39,1,2
2017-09-22,1,249.44,1,2
2017-09-25,1,248.93,1,2
2017-09-26,1,249.08,1,2
2017-09-27,1,250.05,1,2
2017-09-28,1,250.35,1,2
2017-09-29,1,251.23,1,2
2017-10-02,1,252.32,1,2
2017-10-03,1,252.86,1,2
2017-10-04,1,253.16,1,2
2017-10-05,1,254.66,1,2
2017-10-06,1,254.37,1,2
2017-10-09,1,253.95,1,2
2017-10-10,1,254.62,1,2
2017-10-11,1,255.02,1,2
2017-10-12,1,254.64,1,2
2017-10-13,1,254.95,1,2
2017-10-16,1,255.29,1,2
2017-10-17,1,255.47,1,2
2017-10-18,1,255.72,1,2
2017-10-19,1,255.79,1,2
2017-10-20,1,257.11,1,2
2017-10-23,1,256.11,1,2
2017-10-24,1,256.56,1,2
2017-10-25,1,255.29,1,2
2017-10-26,1,255.62,1,2
2017-10-27,1,257.71,1,2
2017-10-30,1,256.75,1,2
2017-10-31,1,257.15,1,2
2017-11-01,1,257.49,1,2
2017-11-02,1,257.59,1,2
2017-11-03,1,258.45,1,2
2017-11-06,1,258.85,1,2
2017-11-07,1,258.67,1,2
2017-11-08,1,259.11,1,2
2017-11-09,1,258.17,1,2
2017-11-10,1,258.09,1,2
2017-11-13,1,258.33,1,2
2017-11-14,1,257.73,1,2
2017-11-15,1,256.44,1,2
2017-11-16,1,258.62,1,2
2017-11-17,1,257.86,1,2
2017-11-20,1,258.3,1,2
2017-11-21,1,259.99,1,2
2017-11-22,1,259.76,1,2
2017-11-24,1,260.36,1,2
2017-11-27,1,260.23,1,2
2017-11-28,1,262.87,1,2
2017-11-29,1,262.71,1,2
2017-11-30,1,265.01,1,2
2017-12-01,1,264.46,1,2
2017-12-04,1,264.14,1,2
2017-12-05,1,263.19,1,2
2017-12-06,1,263.24,1,2
2017-12-07,1,264.07,1,2
2017-12-08,1,265.51,1,2
2017-12-11,1,266.31,1,2
2017-12-12,1,266.78,1,2
2017-12-13,1,266.75,1,2
2017-12-14,1,265.66,1,2
2017-12-15,1,266.51,1,2
2017-12-18,1,268.2,1,2
2017-12-19,1,267.17,1,2
2017-12-20,1,267.03,1,2
2017-12-21,1,267.58,1,2
2017-12-22,1,267.51,1,2
2017-12-26,1,267.19,1,2
2017-12-27,1,267.32,1,2
2017-12-28,1,267.87,1,2
2017-12-29,1,266.86,1,2
2018-01-02,1,268.77,1,2
2018-01-03,1,270.47,1,2
2018-01-04,1,271.61,1,2
2018-01-05,1,273.42,1,2
2018-01-08,1,273.92,0,1
2018-01-09,1,274.54,0,1
2018-01-10,1,274.12,0,1
2018-01-11,1,276.12,0,1
2018-01-12,1,277.92,0,1
2018-01-16,1,276.97,1,2
2018-01-17,1,279.61,1,2
2018-01-18,1,279.14,1,2
2018-01-19,1,280.41,1,2
2018-01-22,1,282.69,1,2
2018-01-23,1,283.29,1,2
2018-01-24,1,283.18,1,2
2018-01-25,1,283.3,1,2
2018-01-26,1,286.58,0,1
2018-01-29,0,284.68,0,0
2018-01-30,0,281.76,0,0
2018-01-31,0,281.9,0,0
2018-02-01,0,281.58,0,0
2018-02-02,-1,275.45,-1,-2
2018-02-05,-1,263.93,-1,-2
2018-02-06,-1,269.13,-1,-2
2018-02-07,-1,267.67,-1,-2
2018-02-08,-1,257.63,0,-1
2018-02-09,-1,261.5,0,-1
2018-02-12,-1,265.34,0,-1
2018-02-13,-1,266.0,0,-1
2018-02-14,-1,269.59,0,-1
2018-02-15,-1,273.03,0,-1
2018-02-16,-1,273.11,0,-1
2018-02-20,-1,271.4,0,-1
2018-02-21,-1,270.05,0,-1
2018-02-22,-1,270.4,0,-1
2018-02-23,-1,274.71,0,-1
2018-02-26,-1,277.9,0,-1
2018-02-27,-1,274.43,0,-1
2018-02-28,-1,271.65,0,-1
2018-03-01,-1,267.7,0,-1
2018-03-02,0,269.08,0,0
2018-03-05,0,272.19,0,0
2018-03-06,0,272.88,0,0
2018-03-07,0,272.78,0,0
2018-03-08,0,274.1,0,0
2018-03-09,0,278.87,0,0
2018-03-12,0,278.52,0,0
2018-03-13,0,276.72,0,0
2018-03-14,0,275.3,0,0
2018-03-15,0,275.0,0,0
2018-03-16,0,274.2,0,0
2018-03-19,0,270.49,0,0
2018-03-20,0,270.95,0,0
2018-03-21,-1,270.43,0,-1
2018-03-22,-1,263.67,-1,-2
2018-03-23,-1,258.05,-1,-2
2018-03-26,-1,265.11,-1,-2
2018-03-27,-1,260.6,0,-1
2018-03-28,-1,259.83,0,-1
2018-03-29,-1,263.15,0,-1
2018-04-02,-1,257.47,0,-1
2018-04-03,-1,260.77,0,-1
2018-04-04,-1,263.56,0,-1
2018-04-05,-1,265.64,0,-1
2018-04-06,-1,259.72,0,-1
2018-04-09,-1,261.0,0,-1
2018-04-10,-1,265.15,0,-1
2018-04-11,0,263.76,0,0
2018-04-12,0,265.93,0,0
2018-04-13,0,265.15,1,0
2018-04-16,1,267.33,1,2
2018-04-17,1,270.19,1,2
2018-04-18,1,270.39,1,2
2018-04-19,1,268.89,1,2
2018-04-20,1,266.61,1,2
2018-04-23,1,266.57,1,2
2018-04-24,1,262.98,1,2
2018-04-25,1,263.63,1,2
2018-04-26,1,266.31,1,2
2018-04-27,1,266.56,1,2
2018-04-30,1,264.51,1,2
2018-05-01,1,264.98,1,2
2018-05-02,1,263.2,1,2
2018-05-03,1,262.62,1,2
2018-05-04,1,266.02,1,2
2018-05-07,1,266.92,1,2
2018-05-08,1,266.92,1,2
2018-05-09,1,269.5,1,2
2018-05-10,1,272.02,1,2
2018-05-11,1,272.85,1,2
2018-05-14,1,272.98,1,2
2018-05-15,1,271.1,1,2
2018-05-16,1,272.24,1,2
2018-05-17,1,272.01,1,2
2018-05-18,1,271.33,1,2
2018-05-21,1,273.37,1,2
2018-05-22,1,272.61,1,2
2018-05-23,1,273.36,1,2
2018-05-24,1,272.8,1,2
2018-05-25,1,272.15,1,2
2018-05-29,1,269.02,1,2
2018-05-30,1,272.61,1,2
2018-05-31,1,270.94,1,2
2018-06-01,1,273.6,1,2
2018-06-04,1,274.9,1,2
2018-06-05,1,275.1,1,2
2018-06-06,1,277.4,1,2
2018-06-07,1,277.37,1,2
2018-06-08,1,278.19,1,2
2018-06-11,1,278.56,1,2
2018-06-12,1,278.92,1,2
2018-06-13,1,278.03,1,2
2018-06-14,1,278.73,1,2
2018-06-15,1,277.13,1,2
2018-06-18,1,276.56,1,2
2018-06-19,1,275.5,1,2
2018-06-20,1,275.97,1,2
2018-06-21,1,274.24,1,2
2018-06-22,1,274.74,1,2
2018-06-25,1,271.0,1,2
2018-06-26,1,271.6,1,2
2018-06-27,1,269.35,1,2
2018-06-28,1,270.89,1,2
2018-06-29,1,271.28,1,2
2018-07-02,1,271.86,1,2
2018-07-03,1,270.9,1,2
2018-07-05,1,273.11,1,2
2018-07-06,1,275.42,1,2
2018-07-09,1,277.9,1,2
2018-07-10,1,278.9,1,2
2018-07-11,1,276.86,1,2
2018-07-12,1,279.37,1,2
2018-07-13,1,279.59,1,2
2018-07-16,1,279.34,1,2
2018-07-17,1,280.47,1,2
2018-07-18,1,281.06,1,2
2018-07-19,1,280.0,1,2
2018-07-20,1,279.68,1,2
2018-07-23,1,280.2,1,2
2018-07-24,1,281.61,1,2
2018-07-25,1,284.01,1,2
2018-07-26,1,283.34,1,2
2018-07-27,1,281.42,1,2
2018-07-30,1,279.95,1,2
2018-07-31,1,281.33,1,2
2018-08-01,1,280.86,1,2
2018-08-02,1,282.39,1,2
2018-08-03,1,283.6,1,2
2018-08-06,1,284.64,1,2
2018-08-07,1,285.58,1,2
2018-08-08,1,285.46,1,2
2018-08-09,1,285.07,1,2
2018-08-10,1,283.16,1,2
2018-08-13,1,282.1,1,2
2018-08-14,1,283.9,1,2
2018-08-15,1,281.78,1,2
2018-08-16,1,284.06,1,2
2018-08-17,1,285.06,1,2
2018-08-20,1,285.67,1,2
2018-08-21,1,286.34,1,2
2018-08-22,1,286.17,1,2
2018-08-23,1,285.79,1,2
2018-08-24,1,287.51,1,2
2018-08-27,1,289.78,1,2
2018-08-28,1,289.92,1,2
2018-08-29,1,291.48,1,2
2018-08-30,1,290.3,1,2
2018-08-31,1,290.31,1,2
2018-09-04,1,289.81,1,2
2018-09-05,1,289.03,1,2
2018-09-06,1,288.16,1,2
2018-09-07,1,287.6,1,2
2018-09-10,1,288.1,1,2
2018-09-11,1,289.05,1,2
2018-09-12,1,289.12,1,2
2018-09-13,1,290.83,1,2
2018-09-14,1,290.88,1,2
2018-09-17,1,289.34,1,2
2018-09-18,1,290.91,1,2
2018-09-19,1,291.22,1,2
2018-09-20,1,293.58,1,2
2018-09-21,1,291.99,1,2
2018-09-24,1,291.02,1,2
2018-09-25,1,290.75,1,2
2018-09-26,1,289.88,1,2
2018-09-27,1,290.69,1,2
2018-09-28,1,290.72,1,2
2018-10-01,1,291.73,1,2
2018-10-02,1,291.56,1,2
2018-10-03,1,291.72,1,2
2018-10-04,1,289.44,0,1
2018-10-05,1,287.82,0,1
2018-10-08,1,287.82,0,1
2018-10-09,0,287.4,0,0
2018-10-10,-1,278.3,-1,-2
2018-10-11,-1,272.17,-1,-2
2018-10-12,-1,275.95,-1,-2
2018-10-15,-1,274.4,-1,-2
2018-10-16,-1,280.4,-1,-2
2018-10-17,-1,280.45,-1,-2
2018-10-18,-1,276.4,-1,-2
2018-10-19,-1,276.25,0,-1
2018-10-22,-1,275.01,0,-1
2018-10-23,-1,273.61,0,-1
2018-10-24,-1,265.32,0,-1
2018-10-25,-1,270.08,0,-1
2018-10-26,-1,265.33,0,-1
2018-10-29,-1,263.86,0,-1
2018-10-30,-1,267.77,0,-1
2018-10-31,-1,270.63,0,-1
2018-11-01,-1,273.51,0,-1
2018-11-02,-1,271.89,0,-1
2018-11-05,-1,273.39,0,-1
2018-11-06,-1,275.12,0,-1
2018-11-07,-1,281.01,0,-1
2018-11-08,-1,280.5,0,-1
2018-11-09,-1,277.76,0,-1
2018-11-12,-1,272.57,0,-1
2018-11-13,-1,272.06,0,-1
2018-11-14,-1,270.2,0,-1
2018-11-15,-1,273.02,0,-1
2018-11-16,-1,273.73,0,-1
2018-11-19,-1,269.1,0,-1
2018-11-20,-1,264.12,0,-1
2018-11-21,-1,265.02,0,-1
2018-11-23,-1,263.25,0,-1
2018-11-26,-1,267.5,0,-1
2018-11-27,-1,268.4,0,-1
2018-11-28,-1,274.58,0,-1
2018-11-29,-1,273.98,0,-1
2018-11-30,-1,275.65,0,-1
2018-12-03,-1,279.3,0,-1
2018-12-04,-1,270.25,0,-1
2018-12-06,-1,269.84,0,-1
2018-12-07,-1,263.57,-1,-2
2018-12-10,-1,264.07,-1,-2
2018-12-11,-1,264.13,-1,-2
2018-12-12,-1,265.46,-1,-2
2018-12-13,-1,265.37,-1,-2
2018-12-14,-1,260.47,-1,-2
2018-12-17,-1,255.36,-1,-2
2018-12-18,-1,255.08,-1,-2
2018-12-19,-1,251.26,-1,-2
2018-12-20,-1,247.17,-1,-2
2018-12-21,-1,240.7,-1,-2
2018-12-24,-1,234.34,-1,-2
2018-12-26,-1,246.18,0,-1
2018-12-27,-1,248.07,0,-1
2018-12-28,-1,247.75,0,-1
2018-12-31,-1,249.92,0,-1
2019-01-02,-1,250.18,0,-1
2019-01-03,-1,244.21,0,-1
2019-01-04,-1,252.39,-1,-2
2019-01-07,0,254.38,0,0
2019-01-08,0,256.77,0,0
2019-01-09,0,257.97,0,0
2019-01-10,1,258.88,0,1
2019-01-11,1,258.98,0,1
2019-01-14,1,257.4,0,1
2019-01-15,1,260.35,1,2
2019-01-16,1,260.98,1,2
2019-01-17,1,262.96,1,2
2019-01-18,1,266.46,1,2
2019-01-22,1,262.86,1,2
2019-01-23,1,263.41,1,2
2019-01-24,1,263.55,1,2
2019-01-25,1,265.78,1,2
2019-01-28,1,263.76,1,2
2019-01-29,1,263.41,1,2
2019-01-30,1,267.58,1,2
2019-01-31,1,269.93,1,2
2019-02-01,1,270.06,1,2
2019-02-04,1,271.96,1,2
2019-02-05,1,273.1,1,2
2019-02-06,1,272.74,1,2
2019-02-07,1,270.14,1,2
2019-02-08,1,270.47,1,2
2019-02-11,1,270.62,1,2
2019-02-12,1,274.1,1,2
2019-02-13,1,274.99,1,2
2019-02-14,1,274.38,1,2
2019-02-15,1,277.37,1,2
2019-02-19,1,277.85,1,2
2019-02-20,1,278.41,1,2
2019-02-21,1,277.42,1,2
2019-02-22,1,279.14,1,2
2019-02-25,1,279.52,1,2
2019-02-26,1,279.32,1,2
2019-02-27,1,279.2,1,2
2019-02-28,1,278.68,1,2
2019-03-01,1,280.42,1,2
2019-03-04,1,279.4,1,2
2019-03-05,1,279.02,1,2
2019-03-06,1,277.33,1,2
2019-03-07,1,275.01,1,2
2019-03-08,1,274.46,1,2
2019-03-11,1,278.44,1,2
2019-03-12,1,279.49,1,2
2019-03-13,1,281.34,1,2
2019-03-14,1,281.16,1,2
2019-03-15,1,281.31,1,2
2019-03-18,1,282.33,1,2
2019-03-19,1,282.4,1,2
2019-03-20,1,281.55,1,2
2019-03-21,0,284.73,1,0
2019-03-22,0,279.25,0,0
2019-03-25,1,279.04,1,2
2019-03-26,1,281.12,1,2
2019-03-27,1,279.65,1,2
2019-03-28,1,280.71,1,2
2019-03-29,1,282.48,1,2
2019-04-01,1,285.83,1,2
2019-04-02,1,285.97,1,2
2019-04-03,1,286.42,1,2
2019-04-04,1,287.18,1,2
2019-04-05,1,288.57,1,2
2019-04-08,1,288.79,1,2
2019-04-09,1,287.31,1,2
2019-04-10,1,288.29,1,2
2019-04-11,1,288.21,1,2
2019-04-12,1,290.16,1,2
2019-04-15,1,289.97,1,2
2019-04-16,1,290.16,1,2
2019-04-17,1,289.45,1,2
2019-04-18,1,290.02,1,2
2019-04-22,1,290.27,1,2
2019-04-23,1,292.88,1,2
2019-04-24,1,292.23,1,2
2019-04-25,1,292.05,1,2
2019-04-26,1,293.41,1,2
2019-04-29,1,293.87,1,2
2019-04-30,1,294.02,1,2
2019-05-01,1,291.81,1,2
2019-05-02,1,291.18,1,2
2019-05-03,0,294.03,0,0
2019-05-06,0,292.82,0,0
2019-05-07,0,287.93,0,0
2019-05-08,0,287.53,0,0
2019-05-09,0,286.66,0,0
2019-05-10,-1,288.1,0,-1
2019-05-13,-1,280.86,0,-1
2019-05-14,-1,283.4,0,-1
2019-05-15,0,285.06,0,0
2019-05-16,0,287.7,0,0
2019-05-17,0,285.84,0,0
2019-05-20,0,283.95,0,0
2019-05-21,0,286.51,0,0
2019-05-22,0,285.63,0,0
2019-05-23,0,282.14,0,0
2019-05-24,0,282.78,0,0
2019-05-28,0,280.15,0,0
2019-05-29,0,278.27,0,0
2019-05-30,0,279.03,0,0
2019-05-31,-1,275.27,0,-1
2019-06-03,-1,274.57,0,-1
2019-06-04,-1,280.53,0,-1
2019-06-05,0,282.96,0,0
2019-06-06,0,284.8,0,0
2019-06-07,0,287.65,1,0
2019-06-10,1,288.97,1,2
2019-06-11,1,288.9,1,2
2019-06-12,1,288.39,1,2
2019-06-13,1,289.58,1,2
2019-06-14,1,289.26,1,2
2019-06-17,1,289.37,1,2
2019-06-18,1,292.4,1,2
2019-06-19,1,293.06,1,2
2019-06-20,1,295.86,1,2
2019-06-21,1,294.0,1,2
2019-06-24,1,293.64,1,2
2019-06-25,1,290.76,1,2
2019-06-26,1,290.47,1,2
2019-06-27,1,291.5,1,2
2019-06-28,1,293.0,1,2
2019-07-01,1,295.66,1,2
2019-07-02,1,296.43,1,2
2019-07-03,1,298.8,1,2
2019-07-05,1,298.46,1,2
2019-07-08,1,296.82,1,2
2019-07-09,1,297.19,1,2
2019-07-10,1,298.61,1,2
2019-07-11,1,299.31,1,2
2019-07-12,1,300.65,1,2
2019-07-15,1,300.75,1,2
2019-07-16,1,299.78,1,2
2019-07-17,1,297.74,1,2
2019-07-18,1,298.83,1,2
2019-07-19,1,297.17,1,2
2019-07-22,1,297.9,1,2
2019-07-23,1,300.03,1,2
2019-07-24,1,301.44,1,2
2019-07-25,1,300.0,1,2
2019-07-26,1,302.01,1,2
2019-07-29,1,301.46,1,2
2019-07-30,0,300.72,0,0
2019-07-31,0,297.43,0,0
2019-08-01,0,294.84,0,0
2019-08-02,-1,292.62,0,-1
2019-08-05,-1,283.82,0,-1
2019-08-06,-1,287.8,0,-1
2019-08-07,-1,287.97,0,-1
2019-08-08,-1,293.62,0,-1
2019-08-09,-1,291.62,0,-1
2019-08-12,-1,288.07,0,-1
2019-08-13,-1,292.55,0,-1
2019-08-14,-1,283.9,0,-1
2019-08-15,-1,284.65,0,-1
2019-08-16,-1,288.85,0,-1
2019-08-19,-1,292.33,0,-1
2019-08-20,-1,290.09,0,-1
2019-08-21,-1,292.45,0,-1
2019-08-22,-1,292.36,0,-1
2019-08-23,-1,284.85,0,-1
2019-08-26,-1,288.0,0,-1
2019-08-27,0,286.87,0,0
2019-08-28,0,288.89,0,0
2019-08-29,0,292.58,0,0
2019-08-30,0,292.45,1,0
2019-09-03,0,290.74,1,0
2019-09-04,0,294.04,1,0
2019-09-05,1,297.82,1,2
2019-09-06,1,298.05,1,2
2019-09-09,1,298.2,1,2
2019-09-10,1,298.13,1,2
2019-09-11,1,300.25,1,2
2019-09-12,1,301.29,1,2
2019-09-13,1,301.09,1,2
2019-09-16,1,300.16,1,2
2019-09-17,1,300.92,1,2
2019-09-18,1,301.1,1,2
2019-09-19,1,301.08,1,2
2019-09-20,1,298.28,1,2
2019-09-23,1,298.21,1,2
2019-09-24,1,295.87,1,2
2019-09-25,1,297.62,1,2
2019-09-26,1,297.0,1,2
2019-09-27,1,295.4,1,2
2019-09-30,0,296.77,0,0
2019-10-01,0,293.24,0,0
2019-10-02,-1,288.06,0,-1
2019-10-03,-1,290.42,0,-1
2019-10-04,-1,294.35,0,-1
2019-10-07,-1,293.08,0,-1
2019-10-08,-1,288.53,0,-1
2019-10-09,0,291.27,0,0
2019-10-10,0,293.24,0,0
2019-10-11,0,296.28,1,0
2019-10-14,1,295.95,1,2
2019-10-15,1,298.88,1,2
2019-10-16,1,298.4,1,2
2019-10-17,1,299.28,1,2
2019-10-18,1,297.97,1,2
2019-10-21,1,299.99,1,2
2019-10-22,1,299.01,1,2
2019-10-23,1,299.88,1,2
2019-10-24,1,300.37,1,2
2019-10-25,1,301.6,1,2
2019-10-28,1,303.3,1,2
2019-10-29,1,303.21,1,2
2019-10-30,1,304.14,1,2
2019-10-31,1,303.33,1,2
2019-11-01,1,306.14,1,2
2019-11-04,1,307.37,1,2
2019-11-05,1,307.03,1,2
2019-11-06,1,307.1,1,2
2019-11-07,1,308.18,1,2
2019-11-08,1,308.94,1,2
2019-11-11,1,308.35,1,2
2019-11-12,1,309.0,1,2
2019-11-13,1,309.1,1,2
2019-11-14,1,309.55,1,2
2019-11-15,1,311.79,1,2
2019-11-18,1,312.02,1,2
2019-11-19,1,311.93,1,2
2019-11-20,1,310.77,1,2
2019-11-21,1,310.27,1,2
2019-11-22,1,310.96,1,2
2019-11-25,1,313.37,1,2
2019-11-26,1,314.08,1,2
2019-11-27,1,315.48,1,2
2019-11-29,1,314.31,1,2
2019-12-02,1,311.64,1,2
2019-12-03,1,309.55,1,2
2019-12-04,1,311.46,1,2
2019-12-05,1,312.02,1,2
2019-12-06,1,314.87,1,2
2019-12-09,1,313.88,1,2
2019-12-10,1,313.53,1,2
2019-12-11,1,314.42,1,2
2019-12-12,1,317.13,1,2
2019-12-13,1,317.32,1,2
2019-12-16,1,319.5,1,2
2019-12-17,1,319.57,1,2
2019-12-18,1,319.59,1,2
2019-12-19,1,320.9,1,2
2019-12-20,1,320.73,1,2
2019-12-23,1,321.22,1,2
2019-12-24,1,321.23,1,2
2019-12-26,1,322.94,1,2
2019-12-27,1,322.86,1,2
2019-12-30,1,321.08,1,2
2019-12-31,1,321.86,1,2
2020-01-02,1,324.87,1,2
2020-01-03,1,322.41,1,2
2020-01-06,1,323.64,1,2
2020-01-07,1,322.73,1,2
2020-01-08,1,324.45,1,2
2020-01-09,1,326.65,1,2
2020-01-10,1,325.71,1,2
2020-01-13,1,327.95,1,2
2020-01-14,1,327.45,1,2
2020-01-15,1,328.19,1,2
2020-01-16,1,330.92,1,2
2020-01-17,1,331.95,1,2
2020-01-21,1,331.3,1,2
2020-01-22,1,331.34,1,2
2020-01-23,1,331.72,1,2
2020-01-24,0,328.77,0,0
2020-01-27,0,323.5,0,0
2020-01-28,0,326.89,0,0
2020-01-29,0,326.62,0,0
2020-01-30,0,327.68,0,0
2020-01-31,-1,321.73,0,-1
2020-02-03,0,324.12,0,0
2020-02-04,0,329.06,0,0
2020-02-05,0,332.86,0,0
2020-02-06,0,333.98,1,0
2020-02-07,1,332.2,1,2
2020-02-10,1,334.68,1,2
2020-02-11,1,335.26,1,2
2020-02-12,1,337.42,1,2
2020-02-13,1,337.06,1,2
2020-02-14,1,337.6,1,2
2020-02-18,1,336.73,1,2
2020-02-19,1,338.34,0,1
2020-02-20,0,336.95,0,0
2020-02-21,-1,333.48,0,-1
2020-02-24,-1,322.42,-1,-2
2020-02-25,-1,312.65,-1,-2
2020-02-26,-1,311.5,-1,-2
2020-02-27,-1,297.51,-1,-2
2020-02-28,-1,296.26,-1,-2
2020-03-02,-1,309.09,-1,-2
2020-03-03,-1,300.24,-1,-2
2020-03-04,-1,312.86,-1,-2
2020-03-05,-1,302.46,-1,-2
2020-03-06,-1,297.46,-1,-2
2020-03-09,-1,274.23,-1,-2
2020-03-10,-1,288.42,-1,-2
2020-03-11,-1,274.36,-1,-2
2020-03-12,-1,248.11,-1,-2
2020-03-13,-1,269.32,-1,-2
2020-03-16,-1,239.85,-1,-2
2020-03-17,-1,252.8,-1,-2
2020-03-18,-1,240.0,-1,-2
2020-03-19,-1,240.51,-1,-2
2020-03-20,-1,228.8,-1,-2
2020-03-23,-1,222.95,-1,-2
2020-03-24,-1,243.15,-1,-2
2020-03-25,-1,246.79,-1,-2
2020-03-26,-1,261.2,-1,-2
2020-03-27,-1,253.42,-1,-2
2020-03-30,-1,261.65,-1,-2
2020-03-31,-1,257.75,-1,-2
2020-04-01,-1,246.15,-1,-2
2020-04-02,-1,251.83,-1,-2
2020-04-03,-1,248.19,-1,-2
2020-04-06,-1,264.86,-1,-2
2020-04-07,-1,265.13,-1,-2
2020-04-08,-1,274.03,-1,-2
2020-04-09,-1,278.2,-1,-2
2020-04-13,-1,275.66,-1,-2
2020-04-14,-1,283.79,-1,-2
2020-04-15,-1,277.76,0,-1
2020-04-16,-1,279.1,0,-1
2020-04-17,-1,286.64,0,-1
2020-04-20,-1,281.59,0,-1
2020-04-21,-1,273.04,0,-1
2020-04-22,-1,279.1,0,-1
2020-04-23,-1,279.08,0,-1
2020-04-24,-1,282.97,0,-1
2020-04-27,-1,287.05,0,-1
2020-04-28,-1,285.73,0,-1
2020-04-29,-1,293.21,0,-1
2020-04-30,-1,290.48,0,-1
2020-05-01,-1,282.79,0,-1
2020-05-04,-1,283.57,0,-1
2020-05-05,-1,286.19,0,-1
2020-05-06,-1,284.25,0,-1
2020-05-07,-1,287.68,0,-1
2020-05-08,-1,292.44,0,-1
2020-05-11,-1,292.5,0,-1
2020-05-12,-1,286.67,0,-1
2020-05-13,-1,281.6,0,-1
2020-05-14,-1,284.97,0,-1
2020-05-15,-1,286.28,0,-1
2020-05-18,-1,295.0,0,-1
2020-05-19,-1,291.97,0,-1
2020-05-20,-1,296.93,0,-1
2020-05-21,-1,294.88,0,-1
2020-05-22,-1,295.44,0,-1
2020-05-26,-1,299.08,-1,-2
2020-05-27,-1,303.53,-1,-2
2020-05-28,-1,302.97,-1,-2
2020-05-29,-1,304.32,-1,-2
2020-06-01,-1,305.55,-1,-2
2020-06-02,-1,308.08,-1,-2
2020-06-03,-1,312.18,0,-1
2020-06-04,-1,311.36,0,-1
2020-06-05,-1,319.34,0,-1
2020-06-08,-1,323.2,0,-1
2020-06-09,-1,320.79,0,-1
2020-06-10,-1,319.0,0,-1
2020-06-11,-1,300.61,0,-1
2020-06-12,-1,304.21,0,-1
2020-06-15,-1,307.05,0,-1
2020-06-16,-1,312.96,0,-1
2020-06-17,-1,311.66,0,-1
2020-06-18,-1,311.78,0,-1
2020-06-19,-1,308.64,0,-1
2020-06-22,-1,310.62,0,-1
2020-06-23,-1,312.05,0,-1
2020-06-24,-1,304.09,0,-1
2020-06-25,-1,307.35,0,-1
2020-06-26,-1,300.05,0,-1
2020-06-29,-1,304.46,0,-1
2020-06-30,-1,308.36,0,-1
2020-07-01,-1,310.52,0,-1
2020-07-02,-1,312.23,0,-1
2020-07-06,-1,317.05,0,-1
2020-07-07,0,313.78,0,0
2020-07-08,0,316.18,0,0
2020-07-09,0,314.38,0,0
2020-07-10,0,317.59,0,0
2020-07-13,0,314.84,0,0
2020-07-14,0,318.92,0,0
2020-07-15,0,321.85,1,0
2020-07-16,1,320.79,1,2
2020-07-17,1,321.72,1,2
2020-07-20,1,324.32,1,2
2020-07-21,1,325.01,1,2
2020-07-22,1,326.86,1,2
2020-07-23,1,322.96,1,2
2020-07-24,1,320.88,1,2
2020-07-27,1,323.22,1,2
2020-07-28,1,321.17,1,2
2020-07-29,1,325.12,1,2
2020-07-30,1,323.96,1,2
2020-07-31,1,326.52,1,2
2020-08-03,1,328.79,1,2
2020-08-04,1,330.06,1,2
2020-08-05,1,332.11,1,2
2020-08-06,1,334.33,1,2
2020-08-07,1,334.57,1,2
2020-08-10,1,335.57,1,2
2020-08-11,1,332.8,1,2
2020-08-12,1,337.44,1,2
2020-08-13,1,336.83,1,2
2020-08-14,1,336.84,1,2
2020-08-17,1,337.91,1,2
2020-08-18,1,338.64,1,2
2020-08-19,1,337.23,1,2
2020-08-20,1,338.28,1,2
2020-08-21,1,339.48,1,2
2020-08-24,1,342.92,1,2
2020-08-25,1,344.12,1,2
2020-08-26,1,347.57,1,2
2020-08-27,1,348.33,1,2
2020-08-28,1,350.58,1,2
2020-08-31,0,349.31,0,0
2020-09-01,0,352.6,0,0
2020-09-02,-1,357.7,0,-1
2020-09-03,-1,345.39,0,-1
2020-09-04,-1,342.57,0,-1
2020-09-08,-1,333.21,0,-1
2020-09-09,-1,339.79,-1,-2
2020-09-10,-1,333.89,-1,-2
2020-09-11,-1,334.06,-1,-2
2020-09-14,-1,338.46,-1,-2
2020-09-15,-1,340.17,-1,-2
2020-09-16,-1,338.82,-1,-2
2020-09-17,-1,335.84,-1,-2
2020-09-18,-1,330.65,-1,-2
2020-09-21,-1,326.97,-1,-2
2020-09-22,-1,330.3,0,-1
2020-09-23,-1,322.64,0,-1
2020-09-24,-1,323.5,0,-1
2020-09-25,-1,328.73,0,-1
2020-09-28,-1,334.19,0,-1
2020-09-29,-1,332.37,0,-1
2020-09-30,-1,334.89,-1,-2
2020-10-01,-1,337.04,-1,-2
2020-10-02,-1,333.84,-1,-2
2020-10-05,-1,339.76,-1,-2
2020-10-06,-1,334.93,-1,-2
2020-10-07,-1,340.76,0,-1
2020-10-08,-1,343.78,0,-1
2020-10-09,-1,346.85,0,-1
2020-10-12,-1,352.43,0,-1
2020-10-13,-1,350.13,0,-1
2020-10-14,-1,347.93,0,-1
2020-10-15,0,347.5,0,0
2020-10-16,0,347.29,0,0
2020-10-19,-1,342.01,0,-1
2020-10-20,0,343.38,0,0
2020-10-21,0,342.73,0,0
2020-10-22,0,344.61,0,0
2020-10-23,-1,345.78,0,-1
2020-10-26,-1,339.39,0,-1
2020-10-27,-1,338.22,0,-1
2020-10-28,-1,326.66,0,-1
2020-10-29,-1,329.98,0,-1
2020-10-30,-1,326.54,0,-1
2020-11-02,-1,330.2,0,-1
2020-11-03,-1,336.03,0,-1
2020-11-04,-1,343.54,0,-1
2020-11-05,-1,350.24,-1,-2
2020-11-06,-1,350.16,-1,-2
2020-11-09,-1,354.56,-1,-2
2020-11-10,-1,354.04,0,-1
2020-11-11,-1,356.67,0,-1
2020-11-12,-1,353.21,0,-1
2020-11-13,-1,358.1,0,-1
2020-11-16,0,362.57,0,0
2020-11-17,0,360.62,0,0
2020-11-18,0,356.28,0,0
2020-11-19,0,357.78,0,0
2020-11-20,0,355.33,0,0
2020-11-23,0,357.46,0,0
2020-11-24,0,363.22,0,0
2020-11-25,1,362.66,1,2
2020-11-27,1,363.67,1,2
2020-11-30,1,362.06,1,2
2020-12-01,1,366.02,1,2
2020-12-02,1,366.79,1,2
2020-12-03,1,366.69,1,2
2020-12-04,1,369.85,1,2
2020-12-07,1,369.09,1,2
2020-12-08,1,370.17,1,2
2020-12-09,1,366.85,1,2
2020-12-10,1,366.73,1,2
2020-12-11,1,366.3,1,2
2020-12-14,1,364.66,1,2
2020-12-15,1,369.59,1,2
2020-12-16,1,370.17,1,2
2020-12-17,1,372.24,1,2
2020-12-18,1,369.18,1,2
2020-12-21,1,367.86,1,2
2020-12-22,1,367.24,1,2
2020-12-23,1,367.57,1,2
2020-12-24,1,369.0,1,2
2020-12-28,1,372.17,1,2
2020-12-29,1,371.46,1,2
2020-12-30,1,371.99,1,2
2020-12-31,1,373.88,1,2
2021-01-04,1,368.79,1,2
2021-01-05,1,371.33,1,2
2021-01-06,1,373.55,1,2
2021-01-07,1,379.1,1,2
2021-01-08,1,381.26,1,2
2021-01-11,1,378.69,1,2
2021-01-12,1,378.77,1,2
2021-01-13,1,379.79,1,2
2021-01-14,1,378.46,1,2
2021-01-15,1,375.7,1,2
2021-01-19,1,378.65,1,2
2021-01-20,1,383.89,1,2
2021-01-21,1,384.24,1,2
2021-01-22,1,382.88,1,2
2021-01-25,0,384.39,1,0
2021-01-26,0,383.79,0,0
2021-01-27,-1,374.41,0,-1
2021-01-28,-1,377.63,0,-1
2021-01-29,-1,370.07,0,-1
2021-02-01,-1,376.23,0,-1
2021-02-02,-1,381.55,0,-1
2021-02-03,0,381.85,0,0
2021-02-04,0,386.19,0,0
2021-02-05,1,387.71,1,2
2021-02-08,1,390.51,1,2
2021-02-09,1,390.25,1,2
2021-02-10,1,390.08,1,2
2021-02-11,1,390.71,1,2
2021-02-12,1,392.64,1,2
2021-02-16,1,392.3,1,2
2021-02-17,1,392.39,1,2
2021-02-18,1,390.72,1,2
2021-02-19,1,390.03,1,2
2021-02-22,0,387.03,1,0
2021-02-23,0,387.5,0,0
2021-02-24,0,391.77,0,0
2021-02-25,-1,382.33,0,-1
2021-02-26,-1,380.36,0,-1
2021-03-01,-1,389.58,0,-1
2021-03-02,-1,386.54,0,-1
2021-03-03,-1,381.42,0,-1
2021-03-04,-1,376.7,0,-1
2021-03-05,-1,383.63,0,-1
2021-03-08,-1,381.72,0,-1
2021-03-09,0,387.17,0,0
2021-03-10,0,389.58,0,0
2021-03-11,0,393.53,0,0
2021-03-12,1,394.06,1,2
2021-03-15,1,396.41,1,2
2021-03-16,1,395.91,1,2
2021-03-17,1,397.26,1,2
2021-03-18,1,391.48,1,2
2021-03-19,1,389.48,1,2
2021-03-22,1,392.59,1,2
2021-03-23,1,389.5,1,2
2021-03-24,1,387.52,1,2
2021-03-25,1,389.7,1,2
2021-03-26,1,395.98,1,2
2021-03-29,1,395.78,1,2
2021-03-30,1,394.73,1,2
2021-03-31,1,396.33,1,2
2021-04-01,1,400.61,1,2
2021-04-05,1,406.36,1,2
2021-04-06,1,406.12,1,2
2021-04-07,1,406.59,1,2
2021-04-08,1,408.52,1,2
2021-04-09,1,411.49,1,2
2021-04-12,1,411.64,1,2
2021-04-13,1,412.86,1,2
2021-04-14,1,411.45,1,2
2021-04-15,1,415.87,1,2
2021-04-16,1,417.26,1,2
2021-04-19,1,415.21,1,2
2021-04-20,1,412.17,1,2
2021-04-21,1,416.07,1,2
2021-04-22,1,412.27,1,2
2021-04-23,1,416.74,1,2
2021-04-26,1,417.61,1,2
2021-04-27,1,417.52,1,2
2021-04-28,1,417.4,1,2
2021-04-29,1,420.06,1,2
2021-04-30,1,417.3,1,2
2021-05-03,1,418.2,1,2
2021-05-04,1,415.62,1,2
2021-05-05,1,415.75,1,2
2021-05-06,1,419.07,1,2
2021-05-07,0,422.12,0,0
2021-05-10,0,417.94,0,0
2021-05-11,-1,414.21,0,-1
2021-05-12,-1,405.41,0,-1
2021-05-13,-1,410.28,0,-1
2021-05-14,-1,416.58,0,-1
2021-05-17,0,415.52,0,0
2021-05-18,0,411.94,0,0
2021-05-19,0,410.86,1,0
2021-05-20,1,415.28,1,2
2021-05-21,1,414.94,1,2
2021-05-24,1,419.17,1,2
2021-05-25,1,418.24,1,2
2021-05-26,1,419.07,1,2
2021-05-27,1,419.29,1,2
2021-05-28,1,420.04,1,2
2021-06-01,1,419.67,1,2
2021-06-02,1,420.33,1,2
2021-06-03,1,418.77,1,2
2021-06-04,1,422.6,1,2
2021-06-07,1,422.19,1,2
2021-06-08,1,422.28,1,2
2021-06-09,1,421.65,1,2
2021-06-10,1,423.61,1,2
2021-06-11,1,424.31,1,2
2021-06-14,1,425.26,1,2
2021-06-15,1,424.48,1,2
2021-06-16,1,422.11,1,2
2021-06-17,1,421.97,1,2
2021-06-18,0,414.92,1,0
2021-06-21,1,420.86,1,2
2021-06-22,1,423.11,1,2
2021-06-23,1,422.6,1,2
2021-06-24,1,425.1,1,2
2021-06-25,1,426.61,1,2
2021-06-28,1,427.47,1,2
2021-06-29,1,427.7,1,2
2021-06-30,1,428.06,1,2
2021-07-01,1,430.43,1,2
2021-07-02,1,433.72,1,2
2021-07-06,1,432.93,1,2
2021-07-07,1,434.46,1,2
2021-07-08,1,430.92,1,2
2021-07-09,1,435.52,1,2
2021-07-12,1,437.08,1,2
2021-07-13,1,435.59,1,2
2021-07-14,1,436.24,1,2
2021-07-15,1,434.75,1,2
2021-07-16,1,431.34,1,2
2021-07-19,1,424.97,1,2
2021-07-20,1,431.06,1,2
2021-07-21,1,434.55,1,2
2021-07-22,1,435.46,1,2
2021-07-23,1,439.94,1,2
2021-07-26,1,441.02,1,2
2021-07-27,1,439.01,1,2
2021-07-28,1,438.83,1,2
2021-07-29,1,440.65,1,2
2021-07-30,1,438.51,1,2
2021-08-02,1,437.59,1,2
2021-08-03,1,441.15,1,2
2021-08-04,1,438.98,1,2
2021-08-05,1,441.76,1,2
2021-08-06,1,442.49,1,2
2021-08-09,1,442.13,1,2
2021-08-10,1,442.68,1,2
2021-08-11,1,443.78,1,2
2021-08-12,1,445.11,1,2
2021-08-13,1,445.92,1,2
2021-08-16,1,446.97,1,2
2021-08-17,1,444.04,1,2
2021-08-18,1,439.18,1,2
2021-08-19,1,439.86,1,2
2021-08-20,1,443.36,1,2
2021-08-23,1,447.26,1,2
2021-08-24,1,447.97,1,2
2021-08-25,1,448.91,1,2
2021-08-26,1,446.26,1,2
2021-08-27,1,450.25,1,2
2021-08-30,1,452.23,1,2
2021-08-31,1,451.56,1,2
2021-09-01,1,451.8,1,2
2021-09-02,1,453.19,1,2
2021-09-03,1,453.08,1,2
2021-09-07,1,451.46,1,2
2021-09-08,1,450.91,1,2
2021-09-09,1,448.98,1,2
2021-09-10,1,445.44,1,2
2021-09-13,1,446.58,1,2
2021-09-14,1,444.17,0,1
2021-09-15,0,447.88,0,0
2021-09-16,0,447.17,0,0
2021-09-17,-1,441.4,0,-1
2021-09-20,-1,434.04,0,-1
2021-09-21,-1,433.63,0,-1
2021-09-22,-1,437.86,0,-1
2021-09-23,-1,443.18,0,-1
2021-09-24,-1,443.91,0,-1
2021-09-27,-1,442.64,0,-1
2021-09-28,-1,433.72,0,-1
2021-09-29,-1,434.45,0,-1
2021-09-30,-1,429.14,0,-1
2021-10-01,-1,434.24,0,-1
2021-10-04,-1,428.64,0,-1
2021-10-05,0,433.1,0,0
2021-10-06,0,434.9,0,0
2021-10-07,0,438.66,1,0
2021-10-08,1,437.86,1,2
2021-10-11,1,434.69,1,2
2021-10-12,1,433.62,1,2
2021-10-13,1,435.18,1,2
2021-10-14,1,442.5,1,2
2021-10-15,1,445.87,1,2
2021-10-18,1,447.19,1,2
2021-10-19,1,450.64,1,2
2021-10-20,1,452.41,1,2
2021-10-21,1,453.59,1,2
2021-10-22,1,453.12,1,2
2021-10-25,1,455.55,1,2
2021-10-26,1,455.96,1,2
2021-10-27,1,453.94,1,2
2021-10-28,1,458.32,1,2
2021-10-29,1,459.25,1,2
2021-11-01,1,460.04,1,2
2021-11-02,1,461.9,1,2
2021-11-03,1,464.72,1,2
2021-11-04,1,466.91,1,2
2021-11-05,1,468.53,1,2
2021-11-08,1,468.93,1,2
2021-11-09,1,467.38,1,2
2021-11-10,1,463.62,1,2
2021-11-11,1,463.77,1,2
2021-11-12,1,467.27,1,2
2021-11-15,1,467.43,1,2
2021-11-16,1,469.28,1,2
2021-11-17,1,468.14,1,2
2021-11-18,1,469.73,1,2
2021-11-19,1,468.89,1,2
2021-11-22,1,467.57,1,2
2021-11-23,1,468.19,1,2
2021-11-24,0,469.44,0,0
2021-11-26,-1,458.97,0,-1
2021-11-29,-1,464.6,0,-1
2021-11-30,-1,455.56,0,-1
2021-12-01,-1,450.5,0,-1
2021-12-02,-1,457.4,0,-1
2021-12-03,-1,453.42,0,-1
2021-12-06,-1,458.79,0,-1
2021-12-07,-1,468.28,0,-1
2021-12-08,-1,469.52,0,-1
2021-12-09,-1,466.35,0,-1
2021-12-10,-1,470.74,0,-1
2021-12-13,-1,466.57,0,-1
2021-12-14,-1,463.36,0,-1
2021-12-15,-1,470.6,0,-1
2021-12-16,-1,466.45,0,-1
2021-12-17,-1,459.87,0,-1
2021-12-20,-1,454.98,0,-1
2021-12-21,-1,463.06,0,-1
2021-12-22,-1,467.69,0,-1
2021-12-23,0,470.6,0,0
2021-12-27,0,477.26,0,0
2021-12-28,0,476.87,0,0
2021-12-29,0,477.48,0,0
2021-12-30,0,476.16,0,0
2021-12-31,0,474.96,0,0
2022-01-03,0,477.71,0,0
2022-01-04,0,477.55,0,0
2022-01-05,0,468.38,0,0
2022-01-06,0,467.94,0,0
2022-01-07,0,466.09,0,0
2022-01-10,0,465.51,0,0
2022-01-11,0,469.75,0,0
2022-01-12,0,471.02,0,0
2022-01-13,-1,464.53,-1,-2
2022-01-14,-1,464.72,-1,-2
2022-01-18,-1,456.49,-1,-2
2022-01-19,-1,451.75,-1,-2
2022-01-20,-1,446.75,-1,-2
2022-01-21,-1,437.98,0,-1
2022-01-24,-1,439.84,0,-1
2022-01-25,-1,434.47,0,-1
2022-01-26,-1,433.38,0,-1
2022-01-27,-1,431.24,0,-1
2022-01-28,-1,441.95,0,-1
2022-01-31,-1,449.91,0,-1
2022-02-01,-1,452.95,0,-1
2022-02-02,-1,457.35,0,-1
2022-02-03,-1,446.6,0,-1
2022-02-04,-1,448.7,0,-1
2022-02-07,-1,447.26,0,-1
2022-02-08,-1,450.94,0,-1
2022-02-09,-1,457.54,0,-1
2022-02-10,-1,449.32,0,-1
2022-02-11,-1,440.46,0,-1
2022-02-14,-1,439.02,0,-1
2022-02-15,-1,446.1,0,-1
2022-02-16,-1,446.6,0,-1
2022-02-17,-1,437.06,-1,-2
2022-02-18,-1,434.23,-1,-2
2022-02-22,-1,429.57,-1,-2
2022-02-23,-1,421.95,-1,-2
2022-02-24,-1,428.3,-1,-2
2022-02-25,-1,437.75,-1,-2
2022-02-28,-1,436.63,-1,-2
2022-03-01,-1,429.98,0,-1
2022-03-02,-1,437.89,0,-1
2022-03-03,-1,435.71,0,-1
2022-03-04,-1,432.17,0,-1
2022-03-07,-1,419.43,0,-1
2022-03-08,-1,416.25,0,-1
2022-03-09,-1,427.41,0,-1
2022-03-10,-1,425.48,0,-1
2022-03-11,-1,420.07,0,-1
2022-03-14,-1,417.0,0,-1
2022-03-15,-1,426.17,0,-1
2022-03-16,-1,435.62,0,-1
2022-03-17,-1,441.07,-1,-2
2022-03-18,-1,444.52,-1,-2
2022-03-21,-1,444.39,-1,-2
2022-03-22,-1,449.59,-1,-2
2022-03-23,-1,443.8,-1,-2
2022-03-24,-1,450.49,0,-1
2022-03-25,-1,452.69,0,-1
2022-03-28,-1,455.91,0,-1
2022-03-29,-1,461.55,0,-1
2022-03-30,-1,458.7,0,-1
2022-03-31,-1,451.64,0,-1
2022-04-01,-1,452.92,0,-1
2022-04-04,-1,456.8,0,-1
2022-04-05,-1,451.03,0,-1
2022-04-06,-1,446.52,-1,-2
2022-04-07,-1,448.77,-1,-2
2022-04-08,-1,447.57,-1,-2
2022-04-11,-1,439.92,-1,-2
2022-04-12,-1,438.29,-1,-2
2022-04-13,-1,443.31,-1,-2
2022-04-14,-1,437.79,-1,-2
2022-04-18,-1,437.97,-1,-2
2022-04-19,-1,445.04,-1,-2
2022-04-20,-1,444.71,-1,-2
2022-04-21,-1,438.06,-1,-2
2022-04-22,-1,426.04,-1,-2
2022-04-25,-1,428.51,-1,-2
2022-04-26,-1,416.1,-1,-2
2022-04-27,-1,417.27,-1,-2
2022-04-28,-1,427.81,-1,-2
2022-04-29,-1,412.0,-1,-2
2022-05-02,-1,414.48,-1,-2
2022-05-03,-1,416.38,-1,-2
2022-05-04,-1,429.06,-1,-2
2022-05-05,-1,413.81,-1,-2
2022-05-06,-1,411.34,-1,-2
2022-05-09,-1,398.17,-1,-2
2022-05-10,-1,399.09,-1,-2
2022-05-11,-1,392.75,-1,-2
2022-05-12,-1,392.34,-1,-2
2022-05-13,-1,401.72,0,-1
2022-05-16,-1,400.09,0,-1
2022-05-17,-1,408.32,0,-1
2022-05-18,-1,391.86,0,-1
2022-05-19,-1,389.46,0,-1
2022-05-20,-1,389.63,0,-1
2022-05-23,-1,396.92,0,-1
2022-05-24,-1,393.89,0,-1
2022-05-25,-1,397.37,0,-1
2022-05-26,-1,405.31,0,-1
2022-05-27,-1,415.26,0,-1
2022-05-31,-1,412.93,0,-1
2022-06-01,-1,409.59,0,-1
2022-06-02,-1,417.39,0,-1
2022-06-03,-1,410.54,0,-1
2022-06-06,-1,411.79,-1,-2
2022-06-07,-1,415.74,-1,-2
2022-06-08,-1,411.22,-1,-2
2022-06-09,-1,401.44,-1,-2
2022-06-10,-1,389.8,-1,-2
2022-06-13,-1,375.0,-1,-2
2022-06-14,-1,373.87,-1,-2
2022-06-15,-1,379.2,-1,-2
2022-06-16,-1,366.65,-1,-2
2022-06-17,-1,365.86,-1,-2
2022-06-21,-1,375.07,-1,-2
2022-06-22,-1,374.39,0,-1
2022-06-23,-1,378.06,0,-1
2022-06-24,-1,390.08,0,-1
2022-06-27,-1,388.59,0,-1
2022-06-28,-1,380.65,0,-1
2022-06-29,-1,380.34,0,-1
2022-06-30,-1,377.25,0,-1
2022-07-01,-1,381.24,0,-1
2022-07-05,-1,381.96,0,-1
2022-07-06,-1,383.25,0,-1
2022-07-07,-1,388.99,0,-1
2022-07-08,-1,388.67,0,-1
2022-07-11,-1,384.23,0,-1
2022-07-12,-1,380.83,0,-1
2022-07-13,-1,378.83,0,-1
2022-07-14,-1,377.91,0,-1
2022-07-15,-1,385.13,0,-1
2022-07-18,-1,381.95,0,-1
2022-07-19,-1,392.27,0,-1
2022-07-20,-1,394.77,0,-1
2022-07-21,-1,398.79,0,-1
2022-07-22,-1,395.09,0,-1
2022-07-25,-1,395.57,0,-1
2022-07-26,-1,390.89,0,-1
2022-07-27,-1,401.04,-1,-2
2022-07-28,-1,406.07,-1,-2
2022-07-29,-1,411.99,-1,-2
2022-08-01,-1,410.77,-1,-2
2022-08-02,-1,408.06,-1,-2
2022-08-03,-1,414.45,-1,-2
2022-08-04,-1,414.17,-1,-2
2022-08-05,0,413.47,0,0
2022-08-08,-1,412.99,0,-1
2022-08-09,-1,411.35,0,-1
2022-08-10,-1,419.99,0,-1
2022-08-11,-1,419.99,0,-1
2022-08-12,-1,427.1,0,-1
2022-08-15,-1,428.86,0,-1
2022-08-16,-1,429.7,0,-1
2022-08-17,-1,426.65,0,-1
2022-08-18,-1,427.89,-1,-2
2022-08-19,-1,422.14,-1,-2
2022-08-22,-1,413.35,-1,-2
2022-08-23,-1,412.35,-1,-2
2022-08-24,-1,413.67,-1,-2
2022-08-25,-1,419.51,-1,-2
2022-08-26,-1,405.31,-1,-2
2022-08-29,-1,402.63,-1,-2
2022-08-30,-1,398.21,-1,-2
2022-08-31,-1,395.18,-1,-2
2022-09-01,-1,396.42,-1,-2
2022-09-02,-1,392.24,-1,-2
2022-09-06,-1,390.76,-1,-2
2022-09-07,-1,397.78,-1,-2
2022-09-08,-1,400.38,-1,-2
2022-09-09,-1,406.6,-1,-2
2022-09-12,-1,410.97,-1,-2
2022-09-13,-1,393.1,-1,-2
2022-09-14,-1,394.6,-1,-2
2022-09-15,-1,390.12,-1,-2
2022-09-16,-1,385.56,-1,-2
2022-09-19,-1,388.55,-1,-2
2022-09-20,-1,384.09,-1,-2
2022-09-21,-1,377.39,-1,-2
2022-09-22,-1,374.22,-1,-2
2022-09-23,-1,367.95,-1,-2
2022-09-26,-1,364.31,-1,-2
2022-09-27,-1,363.38,-1,-2
2022-09-28,-1,370.53,-1,-2
2022-09-29,-1,362.79,-1,-2
2022-09-30,-1,357.18,-1,-2
2022-10-03,-1,366.61,-1,-2
2022-10-04,-1,377.97,0,-1
2022-10-05,-1,377.09,0,-1
2022-10-06,-1,373.2,0,-1
2022-10-07,-1,362.79,0,-1
2022-10-10,-1,360.02,0,-1
2022-10-11,-1,357.74,0,-1
2022-10-12,-1,356.56,0,-1
2022-10-13,-1,365.97,0,-1
2022-10-14,-1,357.63,0,-1
2022-10-17,-1,366.82,0,-1
2022-10-18,-1,371.13,0,-1
2022-10-19,-1,368.5,0,-1
2022-10-20,-1,365.41,0,-1
2022-10-21,-1,374.29,0,-1
2022-10-24,-1,378.87,0,-1
2022-10-25,-1,384.92,0,-1
2022-10-26,-1,382.02,0,-1
2022-10-27,-1,379.98,0,-1
2022-10-28,-1,389.02,0,-1
2022-10-31,-1,386.21,0,-1
2022-11-01,-1,384.52,0,-1
2022-11-02,-1,374.87,0,-1
2022-11-03,-1,371.01,0,-1
2022-11-04,-1,376.35,0,-1
2022-11-07,-1,379.95,0,-1
2022-11-08,-1,382.0,0,-1
2022-11-09,-1,374.13,0,-1
2022-11-10,-1,394.69,0,-1
2022-11-11,-1,398.51,0,-1
2022-11-14,-1,395.12,0,-1
2022-11-15,0,398.49,0,0
2022-11-16,0,395.45,0,0
2022-11-17,0,394.24,0,0
2022-11-18,0,396.03,0,0
2022-11-21,0,394.59,0,0
2022-11-22,0,399.9,0,0
2022-11-23,0,402.42,0,0
2022-11-25,-1,402.33,0,-1
2022-11-28,-1,395.91,0,-1
2022-11-29,-1,395.23,0,-1
2022-11-30,-1,407.68,0,-1
2022-12-01,-1,407.38,0,-1
2022-12-02,-1,406.91,0,-1
2022-12-05,-1,399.59,0,-1
2022-12-06,-1,393.83,0,-1
2022-12-07,-1,393.16,0,-1
2022-12-08,-1,396.24,-1,-2
2022-12-09,-1,393.28,-1,-2
2022-12-12,-1,398.95,-1,-2
2022-12-13,-1,401.97,-1,-2
2022-12-14,-1,399.4,-1,-2
2022-12-15,-1,389.63,-1,-2
2022-12-16,-1,383.27,-1,-2
2022-12-19,-1,380.02,-1,-2
2022-12-20,-1,380.54,0,-1
2022-12-21,-1,386.23,0,-1
2022-12-22,-1,380.72,0,-1
2022-12-23,-1,382.91,0,-1
2022-12-27,-1,381.4,0,-1
2022-12-28,-1,376.66,0,-1
2022-12-29,-1,383.44,0,-1
2022-12-30,-1,382.43,0,-1
2023-01-03,-1,380.82,0,-1
2023-01-04,-1,383.76,0,-1
2023-01-05,-1,379.38,0,-1
2023-01-06,-1,388.08,0,-1
2023-01-09,-1,387.86,0,-1
2023-01-10,-1,390.58,0,-1
2023-01-11,-1,395.52,0,-1
2023-01-12,-1,396.96,0,-1
2023-01-13,-1,398.5,0,-1
2023-01-17,-1,397.77,0,-1
2023-01-18,-1,391.49,0,-1
2023-01-19,-1,388.64,0,-1
2023-01-20,-1,395.88,0,-1
2023-01-23,-1,400.63,0,-1
2023-01-24,-1,400.2,0,-1
2023-01-25,-1,400.35,0,-1
2023-01-26,-1,404.75,0,-1
2023-01-27,-1,405.68,0,-1
2023-01-30,-1,400.59,0,-1
2023-01-31,-1,406.48,0,-1
2023-02-01,-1,410.8,0,-1
2023-02-02,-1,416.78,0,-1
2023-02-03,-1,412.35,0,-1
2023-02-06,-1,409.83,0,-1
2023-02-07,-1,415.19,0,-1
2023-02-08,-1,410.65,0,-1
2023-02-09,-1,407.09,0,-1
2023-02-10,-1,408.04,0,-1
2023-02-13,-1,412.83,0,-1
2023-02-14,-1,412.64,0,-1
2023-02-15,-1,413.98,0,-1
2023-02-16,-1,408.28,0,-1
2023-02-17,-1,407.26,0,-1
2023-02-21,-1,399.09,0,-1
2023-02-22,-1,398.54,0,-1
2023-02-23,0,400.66,0,0
2023-02-24,0,396.38,0,0
2023-02-27,0,397.73,0,0
2023-02-28,0,396.26,0,0
2023-03-01,0,394.74,0,0
2023-03-02,-1,397.81,0,-1
2023-03-03,-1,404.19,0,-1
2023-03-06,-1,404.47,0,-1
2023-03-07,-1,398.27,0,-1
2023-03-08,-1,398.92,0,-1
2023-03-09,-1,391.56,0,-1
2023-03-10,-1,385.91,0,-1
2023-03-13,-1,385.36,0,-1
2023-03-14,-1,391.73,0,-1
2023-03-15,-1,389.28,0,-1
2023-03-16,-1,396.11,0,-1
2023-03-17,-1,389.99,0,-1
2023-03-20,-1,393.74,0,-1
2023-03-21,-1,398.91,0,-1
2023-03-22,-1,392.11,0,-1
2023-03-23,0,393.17,0,0
2023-03-24,0,395.75,0,0
2023-03-27,0,396.49,0,0
2023-03-28,0,395.6,1,0
2023-03-29,0,401.35,1,0
2023-03-30,0,403.7,1,0
2023-03-31,0,409.39,1,0
2023-04-03,1,410.95,1,2
2023-04-04,1,408.67,1,2
2023-04-05,1,407.6,1,2
2023-04-06,1,409.19,1,2
2023-04-10,1,409.61,1,2
2023-04-11,1,409.72,1,2
2023-04-12,1,408.05,1,2
2023-04-13,1,413.47,1,2
2023-04-14,1,412.46,1,2
2023-04-17,1,413.94,1,2
2023-04-18,1,414.21,1,2
2023-04-19,1,414.14,1,2
2023-04-20,1,411.88,1,2
2023-04-21,1,412.2,1,2
2023-04-24,0,412.63,0,0
2023-04-25,0,406.08,0,0
2023-04-26,-1,404.36,0,-1
2023-04-27,-1,412.41,0,-1
2023-04-28,-1,415.93,0,-1
2023-05-01,0,415.51,0,0
2023-05-02,0,410.84,0,0
2023-05-03,0,408.02,0,0
2023-05-04,0,405.13,0,0
2023-05-05,0,412.63,0,0
2023-05-08,0,412.74,0,0
2023-05-09,1,410.93,1,2
2023-05-10,1,412.85,1,2
2023-05-11,1,412.13,1,2
2023-05-12,1,411.59,1,2
2023-05-15,1,413.01,1,2
2023-05-16,1,410.25,1,2
2023-05-17,1,415.23,1,2
2023-05-18,1,419.23,1,2
2023-05-19,1,418.62,1,2
2023-05-22,1,418.79,1,2
2023-05-23,1,414.09,1,2
2023-05-24,1,411.09,1,2
2023-05-25,1,414.65,1,2
2023-05-26,1,420.02,1,2
2023-05-30,1,420.18,1,2
2023-05-31,1,417.85,1,2
2023-06-01,1,421.82,1,2
2023-06-02,1,427.92,1,2
2023-06-05,1,427.1,1,2
2023-06-06,1,428.03,1,2
2023-06-07,1,426.55,1,2
2023-06-08,1,429.13,1,2
2023-06-09,1,429.9,1,2
2023-06-12,1,433.8,1,2
2023-06-13,1,436.66,1,2
2023-06-14,1,437.18,1,2
2023-06-15,1,442.6,1,2
2023-06-16,1,439.46,1,2
2023-06-20,1,437.18,1,2
2023-06-21,1,434.94,1,2
2023-06-22,1,436.51,1,2
2023-06-23,1,433.21,1,2
2023-06-26,1,431.44,1,2
2023-06-27,1,436.17,1,2
2023-06-28,1,436.39,1,2
2023-06-29,1,438.11,1,2
2023-06-30,1,443.28,1,2
2023-07-03,1,443.79,1,2
2023-07-05,1,443.13,1,2
2023-07-06,1,439.66,1,2
2023-07-07,1,438.55,1,2
2023-07-10,1,439.66,1,2
2023-07-11,1,442.46,1,2
2023-07-12,1,446.02,1,2
2023-07-13,1,449.56,1,2
2023-07-14,1,449.28,1,2
2023-07-17,1,450.84,1,2
2023-07-18,1,454.19,1,2
2023-07-19,1,455.2,1,2
2023-07-20,1,452.18,1,2
2023-07-21,1,452.18,1,2
2023-07-24,1,454.2,1,2
2023-07-25,1,455.44,1,2
2023-07-26,1,455.51,1,2
2023-07-27,1,452.49,1,2
2023-07-28,1,456.92,1,2
2023-07-31,1,457.79,1,2
2023-08-01,1,456.48,1,2
2023-08-02,1,450.13,1,2
2023-08-03,1,448.84,1,2
2023-08-04,1,446.81,1,2
2023-08-07,1,450.71,1,2
2023-08-08,1,448.75,1,2
2023-08-09,1,445.75,1,2
2023-08-10,1,445.91,1,2
2023-08-11,1,445.65,1,2
2023-08-14,1,448.11,1,2
2023-08-15,1,442.89,1,2
2023-08-16,1,439.64,1,2
2023-08-17,1,436.29,1,2
2023-08-18,1,436.5,1,2
2023-08-21,1,439.34,1,2
2023-08-22,1,438.15,1,2
2023-08-23,1,443.03,1,2
2023-08-24,1,436.89,1,2
2023-08-25,1,439.97,1,2
2023-08-28,1,442.76,1,2
2023-08-29,1,449.16,1,2
2023-08-30,1,451.01,1,2
2023-08-31,1,450.35,1,2
2023-09-01,1,451.19,1,2
2023-09-05,1,449.24,1,2
2023-09-06,1,446.22,1,2
2023-09-07,1,444.85,1,2
2023-09-08,1,445.52,1,2
2023-09-11,1,448.45,1,2
2023-09-12,1,445.99,0,1
2023-09-13,1,446.51,0,1
2023-09-14,1,450.36,0,1
2023-09-15,0,443.37,0,0
2023-09-18,0,443.63,0,0
2023-09-19,0,442.71,0,0
2023-09-20,0,438.64,0,0
2023-09-21,0,431.39,0,0
2023-09-22,0,430.42,0,0
2023-09-25,0,432.23,0,0
2023-09-26,0,425.88,0,0
2023-09-27,1,426.05,1,2
2023-09-28,1,428.52,1,2
2023-09-29,1,427.48,1,2
2023-10-02,1,427.31,1,2
2023-10-03,1,421.59,1,2
2023-10-04,1,424.66,1,2
2023-10-05,1,424.5,1,2
2023-10-06,1,429.54,1,2
2023-10-09,1,432.29,1,2
2023-10-10,1,434.54,1,2
2023-10-11,1,436.32,1,2
2023-10-12,1,433.66,1,2
2023-10-13,1,431.5,1,2
2023-10-16,0,436.04,0,0
2023-10-17,0,436.02,0,0
2023-10-18,0,430.21,0,0
2023-10-19,-1,426.43,0,-1
2023-10-20,-1,421.19,0,-1
2023-10-23,-1,420.46,0,-1
2023-10-24,-1,423.63,0,-1
2023-10-25,-1,417.55,0,-1
2023-10-26,-1,412.55,0,-1
2023-10-27,-1,410.68,0,-1
2023-10-30,-1,415.59,0,-1
2023-10-31,-1,418.2,0,-1
2023-11-01,-1,422.66,0,-1
2023-11-02,-1,430.76,0,-1
2023-11-03,0,434.69,0,0
2023-11-06,0,435.69,0,0
2023-11-07,0,436.93,0,0
2023-11-08,0,437.25,0,0
2023-11-09,0,433.84,0,0
2023-11-10,0,440.61,0,0
2023-11-13,0,440.19,0,0
2023-11-14,0,448.73,0,0
2023-11-15,1,449.68,1,2
2023-11-16,1,450.23,1,2
2023-11-17,1,450.79,1,2
2023-11-20,1,454.26,1,2
2023-11-21,1,453.27,1,2
2023-11-22,1,455.02,1,2
2023-11-24,1,455.3,1,2
2023-11-27,1,454.48,1,2
2023-11-28,1,454.93,1,2
2023-11-29,1,454.61,1,2
2023-11-30,1,456.4,1,2
2023-12-01,1,459.1,1,2
2023-12-04,1,456.69,1,2
2023-12-05,1,456.6,1,2
2023-12-06,1,454.76,1,2
2023-12-07,1,458.23,1,2
2023-12-08,1,460.2,1,2
2023-12-11,1,461.99,1,2
2023-12-12,1,464.1,1,2
2023-12-13,1,470.5,1,2
2023-12-14,1,472.01,1,2
2023-12-15,1,469.33,1,2
2023-12-18,1,471.97,1,2
2023-12-19,1,474.84,1,2
2023-12-20,1,468.26,1,2
2023-12-21,1,472.7,1,2
2023-12-22,1,473.65,1,2
2023-12-26,1,475.65,1,2
2023-12-27,1,476.51,1,2
2023-12-28,1,476.69,1,2
2023-12-29,1,475.31,1,2
2024-01-02,1,472.65,1,2
2024-01-03,1,468.79,1,2
2024-01-04,1,467.28,1,2
2024-01-05,1,467.92,1,2
2024-01-08,1,474.6,1,2
2024-01-09,1,473.88,1,2
2024-01-10,1,476.56,1,2
2024-01-11,1,476.35,1,2
2024-01-12,1,476.68,1,2
2024-01-16,1,474.93,1,2
2024-01-17,1,472.29,1,2
2024-01-18,1,476.49,1,2
2024-01-19,1,482.43,1,2
2024-01-22,1,483.45,1,2
2024-01-23,1,484.86,1,2
2024-01-24,1,485.39,1,2
2024-01-25,1,488.03,1,2
2024-01-26,1,487.41,1,2
2024-01-29,1,491.27,1,2
2024-01-30,1,490.89,1,2
2024-01-31,0,482.88,1,0
2024-02-01,1,489.2,1,2
2024-02-02,1,494.35,1,2
2024-02-05,1,492.55,1,2
2024-02-06,1,493.98,1,2
2024-02-07,1,498.1,1,2
2024-02-08,1,498.32,1,2
2024-02-09,1,501.2,1,2
2024-02-12,1,500.98,1,2
2024-02-13,1,494.08,1,2
2024-02-14,1,498.57,1,2
2024-02-15,1,502.01,1,2
2024-02-16,1,499.51,1,2
2024-02-20,1,496.76,1,2
2024-02-21,1,497.21,1,2
2024-02-22,1,507.5,1,2
2024-02-23,1,507.85,1,2
2024-02-26,1,505.99,1,2
2024-02-27,1,506.93,1,2
2024-02-28,1,506.26,1,2
2024-02-29,1,508.08,1,2
2024-03-01,1,512.85,1,2
2024-03-04,1,512.3,1,2
2024-03-05,1,507.18,1,2
2024-03-06,1,509.75,1,2
2024-03-07,1,514.81,1,2
2024-03-08,1,511.72,1,2
2024-03-11,1,511.28,1,2
2024-03-12,1,516.78,1,2
2024-03-13,1,515.97,1,2
2024-03-14,1,514.95,1,2
2024-03-15,1,509.83,1,2
2024-03-18,1,512.86,1,2
2024-03-19,1,515.71,1,2
2024-03-20,1,520.48,1,2
2024-03-21,1,522.2,1,2
2024-03-22,1,521.21,1,2
2024-03-25,1,519.77,1,2
2024-03-26,1,518.81,1,2
2024-03-27,1,523.17,1,2
2024-03-28,1,523.07,1,2
2024-04-01,1,522.16,1,2
2024-04-02,1,518.84,1,2
2024-04-03,1,519.41,1,2
2024-04-04,1,513.07,1,2
2024-04-05,1,518.43,0,1
2024-04-08,1,518.72,0,1
2024-04-09,1,519.32,0,1
2024-04-10,1,514.12,0,1
2024-04-11,0,518.0,0,0
2024-04-12,0,510.85,0,0
2024-04-15,0,504.45,0,0
2024-04-16,1,503.53,0,1
2024-04-17,1,500.55,0,1
2024-04-18,1,499.52,1,2
2024-04-19,1,495.16,1,2
2024-04-22,1,499.72,1,2
2024-04-23,1,505.65,1,2
2024-04-24,1,505.41,1,2
2024-04-25,1,503.49,1,2
2024-04-26,1,508.26,1,2
2024-04-29,1,510.06,1,2
2024-04-30,1,501.98,1,2
2024-05-01,1,500.35,1,2
2024-05-02,1,505.03,1,2
2024-05-03,1,511.29,1,2
2024-05-06,1,516.57,1,2
2024-05-07,1,517.14,1,2
2024-05-08,1,517.19,1,2
2024-05-09,1,520.17,1,2
2024-05-10,1,520.84,1,2
2024-05-13,1,520.91,1,2
2024-05-14,1,523.3,1,2
2024-05-15,1,529.78,1,2
2024-05-16,1,528.69,1,2
2024-05-17,1,529.45,1,2
2024-05-20,1,530.06,1,2
2024-05-21,1,531.36,1,2
2024-05-22,1,529.83,1,2
2024-05-23,1,525.96,1,2
2024-05-24,1,529.44,1,2
2024-05-28,1,529.81,1,2
2024-05-29,1,526.1,1,2
2024-05-30,1,522.61,1,2
2024-05-31,1,527.37,1,2
2024-06-03,1,527.8,1,2
2024-06-04,1,528.39,1,2
2024-06-05,1,534.67,1,2
2024-06-06,1,534.66,1,2
2024-06-07,1,534.01,1,2
2024-06-10,1,535.66,1,2
2024-06-11,1,536.95,1,2
2024-06-12,1,541.36,1,2
2024-06-13,1,542.45,1,2
2024-06-14,1,542.78,1,2
2024-06-17,1,547.1,1,2
2024-06-18,1,548.49,1,2
2024-06-20,1,547.0,1,2
2024-06-21,1,544.51,1,2
2024-06-24,1,542.74,1,2
2024-06-25,1,544.83,1,2
2024-06-26,1,545.51,1,2
2024-06-27,1,546.37,1,2
2024-06-28,1,544.22,1,2
2024-07-01,1,545.34,1,2
2024-07-02,1,549.01,1,2
2024-07-03,1,551.46,1,2
2024-07-05,1,554.64,1,2
2024-07-08,1,555.28,1,2
2024-07-09,1,555.82,1,2
2024-07-10,1,561.32,1,2
2024-07-11,1,556.48,1,2
2024-07-12,1,559.99,1,2
2024-07-15,1,561.53,1,2
2024-07-16,0,564.86,0,0
2024-07-17,0,556.94,0,0
2024-07-18,0,552.66,0,0
2024-07-19,0,548.99,0,0
2024-07-22,0,554.65,0,0
2024-07-23,-1,553.78,0,-1
2024-07-24,-1,541.23,-1,-2
2024-07-25,-1,538.41,-1,-2
2024-07-26,-1,544.44,-1,-2
2024-07-29,-1,544.76,-1,-2
2024-07-30,-1,542.0,-1,-2
2024-07-31,-1,550.81,-1,-2
2024-08-01,-1,543.01,-1,-2
2024-08-02,-1,532.9,-1,-2
2024-08-05,-1,517.38,0,-1
2024-08-06,-1,522.15,0,-1
2024-08-07,-1,518.66,0,-1
2024-08-08,-1,530.65,0,-1
2024-08-09,-1,532.99,0,-1
2024-08-12,-1,533.27,0,-1
2024-08-13,-1,542.04,0,-1
2024-08-14,-1,543.75,0,-1
2024-08-15,0,553.07,0,0
2024-08-16,0,554.31,0,0
2024-08-19,0,559.61,0,0
2024-08-20,0,558.7,0,0
2024-08-21,1,560.62,0,1
2024-08-22,1,556.22,1,2
2024-08-23,1,562.13,1,2
2024-08-26,1,560.79,1,2
2024-08-27,1,561.56,0,1
2024-08-28,0,558.3,0,0
2024-08-29,0,558.35,0,0
2024-08-30,0,563.68,0,0
2024-09-03,-1,552.08,0,-1
2024-09-04,-1,550.95,0,-1
2024-09-05,-1,549.61,0,-1
2024-09-06,-1,540.36,0,-1
2024-09-09,0,546.41,0,0
2024-09-10,0,548.79,0,0
2024-09-11,0,554.42,0,0
2024-09-12,1,559.09,1,2
2024-09-13,1,562.01,0,1
2024-09-16,1,562.84,0,1
2024-09-17,1,563.07,0,1
2024-09-18,1,561.4,0,1
2024-09-19,1,570.98,1,2
2024-09-20,1,568.25,1,2
2024-09-23,1,569.67,1,2
2024-09-24,1,571.3,1,2
2024-09-25,1,570.04,1,2
2024-09-26,1,572.3,1,2
2024-09-27,1,571.47,1,2
2024-09-30,1,573.76,1,2
2024-10-01,1,568.62,1,2
2024-10-02,1,568.86,1,2
2024-10-03,1,567.82,1,2
2024-10-04,1,572.98,1,2
2024-10-07,1,567.8,1,2
2024-10-08,1,573.17,1,2
2024-10-09,1,577.14,1,2
2024-10-10,1,576.13,1,2
2024-10-11,1,579.58,1,2
2024-10-14,1,584.32,1,2
2024-10-15,1,579.78,1,2
2024-10-16,1,582.3,1,2
2024-10-17,1,582.35,1,2
2024-10-18,1,584.59,1,2
2024-10-21,1,583.63,1,2
2024-10-22,1,583.32,1,2
2024-10-23,1,577.99,1,2
2024-10-24,1,579.24,0,1
2024-10-25,1,579.04,0,1
2024-10-28,1,580.83,0,1
2024-10-29,1,581.77,0,1
2024-10-30,0,580.01,0,0
2024-10-31,-1,568.64,0,-1
2024-11-01,-1,571.04,0,-1
2024-11-04,-1,569.81,0,-1
2024-11-05,-1,576.7,0,-1
2024-11-06,-1,591.04,0,-1
2024-11-07,0,595.61,0,0
2024-11-08,1,598.19,0,1
2024-11-11,1,598.76,0,1
2024-11-12,1,596.9,0,1
2024-11-13,1,597.19,0,1
2024-11-14,1,593.35,0,1
2024-11-15,1,585.75,0,1
2024-11-18,1,588.15,0,1
2024-11-19,1,590.3,0,1
2024-11-20,1,590.5,0,1
2024-11-21,1,593.67,0,1
2024-11-22,1,595.51,0,1
2024-11-25,1,597.53,0,1
2024-11-26,1,600.65,0,1
2024-11-27,1,598.83,0,1
2024-11-29,1,602.55,0,1
2024-12-02,1,603.63,0,1
2024-12-03,1,603.91,0,1
2024-12-04,1,607.66,0,1
2024-12-05,1,606.66,0,1
2024-12-06,1,607.81,0,1
2024-12-09,1,604.68,0,1
2024-12-10,1,602.8,0,1
2024-12-11,1,607.46,0,1
2024-12-12,1,604.33,0,1
2024-12-13,1,604.21,0,1
2024-12-16,1,606.79,0,1
2024-12-17,0,604.29,0,0
2024-12-18,-1,586.28,-1,-2
2024-12-19,1,586.1,0,1
2024-12-20,1,591.15,0,1
2024-12-23,1,594.69,0,1
2024-12-24,1,601.3,0,1
2024-12-26,1,601.34,0,1
2024-12-27,1,595.01,0,1
2024-12-30,1,588.22,0,1
2024-12-31,1,586.08,0,1
